"group","feature","line","id","scenario","cases","category","fully_generalized","runtime_constraint","profiles","reason","evidence"
"docx","workflows/docx/anchor-discovery.feature","11","@id-python-word-anchor-headings-paragraphs","Headings and body text appear among discovered anchors","1","profile-specific","false","none","@profile-anchor-response-api","Exact response fields, minimum counts and type names select an anchor tool API, not complete traversal.","workflows/docx/anchor-discovery.feature; contracts/python-anchor-discovery.md"
"docx","workflows/docx/anchor-discovery.feature","19","@id-python-word-anchor-text-filter","A case-insensitive delivery query filters returned anchor text","1","profile-specific","false","none","@profile-anchor-response-api","Exact response fields, minimum counts and type names select an anchor tool API, not complete traversal.","workflows/docx/anchor-discovery.feature; contracts/python-anchor-discovery.md"
"docx","workflows/docx/anchor-discovery.feature","26","@id-python-word-anchor-document-map","A document map reports sections, table, placeholders and anchors","1","profile-specific","false","none","@profile-anchor-response-api","Exact response fields, minimum counts and type names select an anchor tool API, not complete traversal.","workflows/docx/anchor-discovery.feature; contracts/python-anchor-discovery.md"
"docx","workflows/docx/anchor-discovery.feature","34","@id-python-word-anchor-discover-insert","A discovered heading selects where text is inserted in the saved document","1","profile-specific","false","none","@profile-anchor-response-api","Exact response fields, minimum counts and type names select an anchor tool API, not complete traversal.","workflows/docx/anchor-discovery.feature; contracts/python-anchor-discovery.md"
"docx","workflows/docx/anchor-discovery.feature","43","@id-python-word-anchor-section-discovery-hints","Section listing advertises anchor and map discovery tools","1","profile-specific","false","none","@profile-tool-discovery-hints","Exact word_list_anchors/word_document_map hints select a tool catalogue; equivalent document behaviour alone does not satisfy it.","workflows/docx/anchor-discovery.feature; contracts/python-anchor-discovery.md"
"docx","workflows/docx/comment-content-type.feature","6","@id-docx-commentsextended-content-type","Extended comments use an independently validated content type","1","incomplete","false","none","","An adjudication obligation: no resolved content type, concrete fixture or independent Office receipt is selected here.","workflows/docx/comment-content-type.feature; contracts/comment-profiles.md"
"docx","workflows/docx/comments.feature","7","@id-docx-comments-inspection","Inspecting the pinned threaded comments does not dirty the package","1","generalized","true","none","@profile-existing-comments-extended","Existing-comment inputs and flag/readback/custody outcomes are shared; single-entry and complete-thread policies remain distinct.","workflows/docx/comments.feature; contracts/comment-profiles.md; contracts/comment-threads.md"
"docx","workflows/docx/comments.feature","14","@id-docx-comments-resolution","Resolve and reopen one comment without rewriting its body or anchors","1","generalized","true","none","@profile-existing-comments-extended","Existing-comment inputs and flag/readback/custody outcomes are shared; single-entry and complete-thread policies remain distinct.","workflows/docx/comments.feature; contracts/comment-profiles.md; contracts/comment-threads.md"
"docx","workflows/docx/comments.feature","23","@id-docx-comments-noop","An already-open comment is an exact archive no-op","1","generalized","true","none","@profile-existing-comments-extended","Existing-comment inputs and flag/readback/custody outcomes are shared; single-entry and complete-thread policies remain distinct.","workflows/docx/comments.feature; contracts/comment-profiles.md; contracts/comment-threads.md"
"docx","workflows/docx/comments.feature","29","@id-docx-comments-refusal","Unsafe comment resolution refuses before mutation for <case>","11","generalized","true","none","@profile-existing-comments-extended","Existing-comment inputs and flag/readback/custody outcomes are shared; single-entry and complete-thread policies remain distinct.","workflows/docx/comments.feature; contracts/comment-profiles.md; contracts/comment-threads.md"
"docx","workflows/docx/comments.feature","54","@id-python-comments-mixed-done","Resolve one of two authored comments and read mixed states","1","profile-specific","false","none","@profile-authored-comment-response-api","Saved authored comments are portable; exact success/done/filter response fields require this tool API profile.","workflows/docx/comments.feature; contracts/comment-profiles.md; contracts/comment-threads.md"
"docx","workflows/docx/comments.feature","63","@id-python-comments-resolved-filter","Resolve an authored comment and read it through the resolved filter","1","profile-specific","false","none","@profile-authored-comment-response-api","Saved authored comments are portable; exact success/done/filter response fields require this tool API profile.","workflows/docx/comments.feature; contracts/comment-profiles.md; contracts/comment-threads.md"
"docx","workflows/docx/comments.feature","71","@id-python-comments-reopen-filter","Reopen a resolved authored comment and read it through the open filter","1","profile-specific","false","none","@profile-authored-comment-response-api","Saved authored comments are portable; exact success/done/filter response fields require this tool API profile.","workflows/docx/comments.feature; contracts/comment-profiles.md; contracts/comment-threads.md"
"docx","workflows/docx/comments.feature","82","@id-python-comments-reply-root-resolution","Resolving a reply marks its root thread done","1","profile-specific","false","none","@profile-comment-thread-root-resolution","Resolving through a reply selects its root and reports tool-specific fields; this differs from complete-thread resolution.","workflows/docx/comments.feature; contracts/comment-profiles.md; contracts/comment-threads.md"
"docx","workflows/docx/comments.feature","92","@id-python-comments-ids-fallback","Inspect a comment's para ID through commentsIds when its first paragraph lacks paraId","1","profile-specific","false","none","@profile-comment-id-fallback","commentsIds fallback and para_id response vocabulary are an explicit inspection policy.","workflows/docx/comments.feature; contracts/comment-profiles.md; contracts/comment-threads.md"
"docx","workflows/docx/comments.feature","100","@id-python-comments-create-extension","Resolving an authored comment creates missing commentsExtended metadata","1","profile-specific","false","none","@profile-comment-extension-authoring","Creation of missing extension metadata and returned para_id/success fields are a selected authoring/API policy, not existing-part resolution.","workflows/docx/comments.feature; contracts/comment-profiles.md; contracts/comment-threads.md"
"docx","workflows/docx/comments.feature","109","@id-python-comments-filter-predicates","Comment metadata and each filter satisfy the inspected predicates","1","profile-specific","false","none","@profile-authored-comment-response-api","Saved authored comments are portable; exact success/done/filter response fields require this tool API profile.","workflows/docx/comments.feature; contracts/comment-profiles.md; contracts/comment-threads.md"
"docx","workflows/docx/comments.feature","120","@id-python-comments-threaded-reply","Threaded read groups an authored reply under its root","1","profile-specific","false","none","@profile-comment-threaded-response-api","Exact threads/thread_count/root/replies response structure requires this tool API profile.","workflows/docx/comments.feature; contracts/comment-profiles.md; contracts/comment-threads.md"
"docx","workflows/docx/comments.feature","130","@id-python-comments-reply-auto-resolve","Adding a reply with auto-resolve marks the root done","1","profile-specific","false","none","@profile-comment-thread-root-resolution","Resolving through a reply selects its root and reports tool-specific fields; this differs from complete-thread resolution.","workflows/docx/comments.feature; contracts/comment-profiles.md; contracts/comment-threads.md"
"docx","workflows/docx/comments.feature","141","@id-docx-existing-thread-inspection","Group immutable existing comments in source order without mutation","3","generalized","true","none","@profile-existing-complete-thread","Existing-comment inputs and flag/readback/custody outcomes are shared; single-entry and complete-thread policies remain distinct.","workflows/docx/comments.feature; contracts/comment-profiles.md; contracts/comment-threads.md"
"docx","workflows/docx/comments.feature","154","@id-docx-existing-thread-resolution","Resolve every selected thread member and reopen the saved output","3","generalized","true","none","@profile-existing-complete-thread","Existing-comment inputs and flag/readback/custody outcomes are shared; single-entry and complete-thread policies remain distinct.","workflows/docx/comments.feature; contracts/comment-profiles.md; contracts/comment-threads.md"
"docx","workflows/docx/comments.feature","169","@id-docx-existing-thread-noop","Mixed single-comment state becomes a complete thread and then an exact no-op","1","generalized","true","none","@profile-existing-complete-thread","Existing-comment inputs and flag/readback/custody outcomes are shared; single-entry and complete-thread policies remain distinct.","workflows/docx/comments.feature; contracts/comment-profiles.md; contracts/comment-threads.md"
"docx","workflows/docx/comments.feature","176","@id-docx-existing-thread-refusal","Refuse unsafe thread resolution before any mutation including a requested no-op","9","generalized","true","none","@profile-existing-complete-thread","Existing-comment inputs and flag/readback/custody outcomes are shared; single-entry and complete-thread policies remain distinct.","workflows/docx/comments.feature; contracts/comment-profiles.md; contracts/comment-threads.md"
"docx","workflows/docx/comments.feature","194","@id-docx-existing-thread-rollback","Roll back reached thread publication faults with all prior package edits intact","2","generalized","true","none","@profile-existing-complete-thread","Existing-comment inputs and flag/readback/custody outcomes are shared; single-entry and complete-thread policies remain distinct.","workflows/docx/comments.feature; contracts/comment-profiles.md; contracts/comment-threads.md"
"docx","workflows/docx/comments.feature","206","@id-docx-existing-thread-encoding","Preserve extension encoding namespace meaning and unrelated lexical bytes","3","generalized","true","none","@profile-existing-complete-thread","Existing-comment inputs and flag/readback/custody outcomes are shared; single-entry and complete-thread policies remain distinct.","workflows/docx/comments.feature; contracts/comment-profiles.md; contracts/comment-threads.md"
"docx","workflows/docx/comments.feature","218","@id-docx-existing-thread-unsupported","Explicit unsupported findings remain visible while mutation refuses","1","generalized","true","none","@profile-existing-complete-thread","Existing-comment inputs and flag/readback/custody outcomes are shared; single-entry and complete-thread policies remain distinct.","workflows/docx/comments.feature; contracts/comment-profiles.md; contracts/comment-threads.md"
"docx","workflows/docx/comments.feature","227","@id-docx-existing-thread-limit","Refuse 10001 comments rather than return a truncated thread result","1","generalized","true","none","@profile-existing-complete-thread","Existing-comment inputs and flag/readback/custody outcomes are shared; single-entry and complete-thread policies remain distinct.","workflows/docx/comments.feature; contracts/comment-profiles.md; contracts/comment-threads.md"
"docx","workflows/docx/completion-audit.feature","10","@id-docx-audit-completion-read","Audit a <variant> completed document with its observed empty-start issue","2","profile-specific","false","none","@profile-completion-audit","Exact score, issues, response shape and next-tool hints are an audit-tool compatibility contract.","workflows/docx/completion-audit.feature; ledgers/functional-equivalence.json"
"docx","workflows/docx/completion-audit.feature","29","@id-docx-audit-completion-placeholders","Placeholder issues retain their exact heading and paragraph contexts","1","profile-specific","false","none","@profile-completion-audit","Exact score, issues, response shape and next-tool hints are an audit-tool compatibility contract.","workflows/docx/completion-audit.feature; ledgers/functional-equivalence.json"
"docx","workflows/docx/completion-audit.feature","42","@id-docx-audit-completion-missing-file","Missing audit input refuses without producing output","1","profile-specific","false","none","@profile-completion-audit","Exact score, issues, response shape and next-tool hints are an audit-tool compatibility contract.","workflows/docx/completion-audit.feature; ledgers/functional-equivalence.json"
"docx","workflows/docx/creation.feature","9","@id-docx-create-minimal-package","DOCX create authors a minimal package with escaped bold italic text before section properties","1","generalized","true","none","","Named fixture or explicit minimal package, literal text and saved/member outcomes are reusable for bounded creation.","workflows/docx/creation.feature; contracts/native-profiles.md"
"docx","workflows/docx/creation.feature","20","@id-docx-create-style-validation","DOCX create appends a paragraph using a known paragraph style id","1","generalized","true","none","","Named fixture or explicit minimal package, literal text and saved/member outcomes are reusable for bounded creation.","workflows/docx/creation.feature; contracts/native-profiles.md"
"docx","workflows/docx/creation.feature","28","@id-docx-create-stale-opaque","DOCX create preserves opaque parts and invalidates earlier spans after append","1","profile-specific","false","none","","Sealed input and exact custody are concrete, but append invalidates previously held span handles under a particular session policy.","workflows/docx/creation.feature; contracts/native-profiles.md"
"docx","workflows/docx/creation.feature","40","@id-docx-create-atomic-refusals","DOCX create refuses <case> atomically","5","profile-specific","false","none","","Wrong-type options and exact refusal codes are a dynamic/API admission profile; typed consumers need a defined boundary adapter.","workflows/docx/creation.feature; contracts/native-profiles.md"
"docx","workflows/docx/creation.feature","61","@id-docx-go-new-empty-body","A new document has a body and no paragraphs or tables","1","profile-specific","false","none","@profile-document-value-api","Named in-memory getters and return conventions require deliberate document-value API adoption; they do not assert saved OOXML.","workflows/docx/creation.feature; contracts/native-profiles.md; contracts/go-document-api.md"
"docx","workflows/docx/effective-formatting.feature","10","@id-docx-effective-run-formatting","Resolve effective run flags for <kind>","9","incomplete","false","none","","The common cascade is documented, but the kind labels do not supply complete style/run inputs and exact per-kind expected contributions in this repo.","workflows/docx/effective-formatting.feature; contracts/effective-formatting.md"
"docx","workflows/docx/effective-formatting.feature","28","@id-docx-effective-run-formatting-refusal","Refuse ambiguous effective formatting for <kind>","16","incomplete","false","none","","The common cascade is documented, but the kind labels do not supply complete style/run inputs and exact per-kind expected contributions in this repo.","workflows/docx/effective-formatting.feature; contracts/effective-formatting.md"
"docx","workflows/docx/font-size.feature","8","@id-docx-direct-font-size-half-points","A 10.5-point run stores 21 half-points after save and reopen","1","generalized","true","none","","Exact direct 10.5-point saved/readback value and w:sz=21 are independent of runtime.","workflows/docx/font-size.feature; contracts/go-document-api.md"
"docx","workflows/docx/mutation-safety.feature","9","@id-docx-dry-run-no-mutation","Previewing a Word replacement with <destination> leaves files unchanged","3","generalized","true","none","","Shared mutation fixture contract supplies inputs, destinations and exact byte-preservation/change outcomes.","workflows/docx/mutation-safety.feature; contracts/mutation-safety.json"
"docx","workflows/docx/mutation-safety.feature","26","@id-docx-strict-batch-per-target-results","A matched placeholder cannot conceal an unmatched placeholder with <destination>","3","generalized","true","none","","Shared mutation fixture contract supplies inputs, destinations and exact byte-preservation/change outcomes.","workflows/docx/mutation-safety.feature; contracts/mutation-safety.json"
"docx","workflows/docx/mutation-safety.feature","50","@id-office-docx-exact-match-counts","Word match counts belong to each requested placeholder","1","generalized","true","none","","Shared mutation fixture contract supplies inputs, destinations and exact byte-preservation/change outcomes.","workflows/docx/mutation-safety.feature; contracts/mutation-safety.json"
"docx","workflows/docx/page-layout.feature","10","@id-docx-final-section-layout","Set final page geometry for <kind>","8","incomplete","false","none","","Portrait/landscape/margins and defect labels lack concrete per-row geometry/source recipes here; the prose gives constraints rather than those test vectors.","workflows/docx/page-layout.feature; contracts/page-layout.md"
"docx","workflows/docx/page-layout.feature","27","@id-docx-final-section-layout-refusal","Refuse unsafe final page geometry for <kind>","14","incomplete","false","none","","Portrait/landscape/margins and defect labels lack concrete per-row geometry/source recipes here; the prose gives constraints rather than those test vectors.","workflows/docx/page-layout.feature; contracts/page-layout.md"
"docx","workflows/docx/page-layout.feature","54","@id-docx-go-section-title-background-getters","First-section title page and document background read back in memory","1","profile-specific","false","none","@profile-document-value-api","Named in-memory getters and return conventions require deliberate document-value API adoption; they do not assert saved OOXML.","workflows/docx/page-layout.feature; contracts/page-layout.md; contracts/go-document-api.md"
"docx","workflows/docx/paragraph-style.feature","9","@id-docx-paragraph-style-selection","Perform a <operation> paragraph style change","5","incomplete","false","none","","Operation/defect labels lack exact per-row source style registries, selected IDs and expected receipts here.","workflows/docx/paragraph-style.feature; contracts/paragraph-style.md"
"docx","workflows/docx/paragraph-style.feature","24","@id-docx-paragraph-style-refusal","Refuse paragraph style assignment for <variant>","14","incomplete","false","none","","Operation/defect labels lack exact per-row source style registries, selected IDs and expected receipts here.","workflows/docx/paragraph-style.feature; contracts/paragraph-style.md"
"docx","workflows/docx/paragraph-style.feature","53","@id-docx-go-paragraph-style-getters","A <style_json> paragraph has the requested heading classification in memory","5","profile-specific","false","none","@profile-heading-classification-api","Heading classification follows style-ID names and exact flags/levels rather than computed outline inheritance.","workflows/docx/paragraph-style.feature; contracts/paragraph-style.md; contracts/go-document-api.md"
"docx","workflows/docx/paragraphs.feature","10","@id-docx-go-paragraph-text-getter","A paragraph reads back <variant> text in memory","5","profile-specific","false","none","@profile-document-value-api","Named in-memory getters and return conventions require deliberate document-value API adoption; they do not assert saved OOXML.","workflows/docx/paragraphs.feature; contracts/go-document-api.md"
"docx","workflows/docx/paragraphs.feature","23","@id-docx-go-paragraph-alignment-getter","A <requested> alignment reads back <value> in memory","4","profile-specific","false","none","@profile-document-value-api","Named in-memory getters and return conventions require deliberate document-value API adoption; they do not assert saved OOXML.","workflows/docx/paragraphs.feature; contracts/go-document-api.md"
"docx","workflows/docx/paragraphs.feature","35","@id-docx-go-paragraph-spacing-getters","A <variant> paragraph reads back spacing in twips","4","profile-specific","false","none","@profile-document-value-api","Named in-memory getters and return conventions require deliberate document-value API adoption; they do not assert saved OOXML.","workflows/docx/paragraphs.feature; contracts/go-document-api.md"
"docx","workflows/docx/paragraphs.feature","47","@id-docx-go-paragraph-advanced-toggles","Three paragraph flags read true after being enabled","1","profile-specific","false","none","@profile-document-value-api","Named in-memory getters and return conventions require deliberate document-value API adoption; they do not assert saved OOXML.","workflows/docx/paragraphs.feature; contracts/go-document-api.md"
"docx","workflows/docx/paragraphs.feature","53","@id-docx-go-paragraph-multiple-runs","Three added runs concatenate in paragraph text","1","profile-specific","false","none","@profile-document-value-api","Named in-memory getters and return conventions require deliberate document-value API adoption; they do not assert saved OOXML.","workflows/docx/paragraphs.feature; contracts/go-document-api.md"
"docx","workflows/docx/paragraphs.feature","59","@id-docx-go-body-insert-order","Insert a body paragraph between two existing paragraphs","1","profile-specific","false","none","@profile-document-value-api","Named in-memory getters and return conventions require deliberate document-value API adoption; they do not assert saved OOXML.","workflows/docx/paragraphs.feature; contracts/go-document-api.md"
"docx","workflows/docx/paragraphs.feature","69","@id-docx-retained-paragraph-justify","docx paragraph justify changes only its selected direct properties","1","generalized","true","none","@profile-retained-style-word","Project-authoredretainededitcontract;exacttargetdirectvalues/save-reopen/source-bytecustodyandatomicerrors,allconsumersplanned.","workflows/docx/paragraphs.feature; contracts/retained-style-word.md"
"docx","workflows/docx/paragraphs.feature","82","@id-docx-retained-paragraph-spacing","docx paragraph spacing changes only its selected direct properties","1","generalized","true","none","@profile-retained-style-word","Project-authoredretainededitcontract;exacttargetdirectvalues/save-reopen/source-bytecustodyandatomicerrors,allconsumersplanned.","workflows/docx/paragraphs.feature; contracts/retained-style-word.md"
"docx","workflows/docx/paragraphs.feature","95","@id-docx-retained-paragraph-indent","docx paragraph indent changes only its selected direct properties","1","generalized","true","none","@profile-retained-style-word","Project-authoredretainededitcontract;exacttargetdirectvalues/save-reopen/source-bytecustodyandatomicerrors,allconsumersplanned.","workflows/docx/paragraphs.feature; contracts/retained-style-word.md"
"docx","workflows/docx/paragraphs.feature","108","@id-docx-retained-paragraph-line","docx paragraph line changes only its selected direct properties","1","generalized","true","none","@profile-retained-style-word","Project-authoredretainededitcontract;exacttargetdirectvalues/save-reopen/source-bytecustodyandatomicerrors,allconsumersplanned.","workflows/docx/paragraphs.feature; contracts/retained-style-word.md"
"docx","workflows/docx/paragraphs.feature","121","@id-docx-retained-paragraph-keep-lines","docx paragraph keep lines changes only its selected direct properties","1","generalized","true","none","@profile-retained-style-word","Project-authoredretainededitcontract;exacttargetdirectvalues/save-reopen/source-bytecustodyandatomicerrors,allconsumersplanned.","workflows/docx/paragraphs.feature; contracts/retained-style-word.md"
"docx","workflows/docx/paragraphs.feature","134","@id-docx-retained-paragraph-keep-next","docx paragraph keep next changes only its selected direct properties","1","generalized","true","none","@profile-retained-style-word","Project-authoredretainededitcontract;exacttargetdirectvalues/save-reopen/source-bytecustodyandatomicerrors,allconsumersplanned.","workflows/docx/paragraphs.feature; contracts/retained-style-word.md"
"docx","workflows/docx/paragraphs.feature","147","@id-docx-retained-paragraph-page-break","docx paragraph page break changes only its selected direct properties","1","generalized","true","none","@profile-retained-style-word","Project-authoredretainededitcontract;exacttargetdirectvalues/save-reopen/source-bytecustodyandatomicerrors,allconsumersplanned.","workflows/docx/paragraphs.feature; contracts/retained-style-word.md"
"docx","workflows/docx/paragraphs.feature","160","@id-docx-retained-paragraph-outline","docx paragraph outline changes only its selected direct properties","1","generalized","true","none","@profile-retained-style-word","Project-authoredretainededitcontract;exacttargetdirectvalues/save-reopen/source-bytecustodyandatomicerrors,allconsumersplanned.","workflows/docx/paragraphs.feature; contracts/retained-style-word.md"
"docx","workflows/docx/properties.feature","10","@id-docx-go-core-properties-getters","Core properties read back three selected fields in memory","1","profile-specific","false","none","@profile-document-value-api","Named in-memory getters and return conventions require deliberate document-value API adoption; they do not assert saved OOXML.","workflows/docx/properties.feature; contracts/go-document-api.md"
"docx","workflows/docx/review-integration.feature","6","@id-docx-review-multistory-resolution","Accept and reject revisions across supported document stories","1","incomplete","false","none","","Broad review/compare obligation has no enumerated input corpus, selected operations or exact expected revised/original documents.","workflows/docx/review-integration.feature; contracts/native-profiles.md"
"docx","workflows/docx/review-integration.feature","14","@id-parity-docx-review","Native Word reviews survive accept and reject","1","incomplete","false","none","","Broad review/compare obligation has no enumerated input corpus, selected operations or exact expected revised/original documents.","workflows/docx/review-integration.feature; contracts/native-profiles.md"
"docx","workflows/docx/revisions.feature","7","@id-docx-revisions-all-stories","accepting bounded revisions across every reachable supported story","1","incomplete","false","none","","Named synthetic source or payment phrase is not fully specified locally; exact shared construction and expected bytes are needed before independent reuse.","workflows/docx/revisions.feature; contracts/run-property-revisions.md; contracts/run-move-revisions.md"
"docx","workflows/docx/revisions.feature","50","@id-docx-revisions-rollback","a later unsupported selected nested story rolls the whole resolution back","1","incomplete","false","none","","Named synthetic source or payment phrase is not fully specified locally; exact shared construction and expected bytes are needed before independent reuse.","workflows/docx/revisions.feature; contracts/run-property-revisions.md; contracts/run-move-revisions.md"
"docx","workflows/docx/revisions.feature","76","@id-docx-revisions-empty-deletion","Rejecting an empty deletion text node keeps well-formed saved XML","1","incomplete","false","none","","Named synthetic source or payment phrase is not fully specified locally; exact shared construction and expected bytes are needed before independent reuse.","workflows/docx/revisions.feature; contracts/run-property-revisions.md; contracts/run-move-revisions.md"
"docx","workflows/docx/revisions.feature","86","@id-docx-revisions-protected","protected documents refuse resolution without mutating bytes","1","incomplete","false","none","","Named synthetic source or payment phrase is not fully specified locally; exact shared construction and expected bytes are needed before independent reuse.","workflows/docx/revisions.feature; contracts/run-property-revisions.md; contracts/run-move-revisions.md"
"docx","workflows/docx/revisions.feature","99","@id-docx-tracked-replace-roundtrip","A fragmented phrase becomes native insertion and deletion revisions","1","incomplete","false","none","","Named synthetic source or payment phrase is not fully specified locally; exact shared construction and expected bytes are needed before independent reuse.","workflows/docx/revisions.feature; contracts/run-property-revisions.md; contracts/run-move-revisions.md"
"docx","workflows/docx/revisions.feature","107","@id-docx-tracked-replace-refusal","Unsafe tracked edits leave all bytes unchanged for <case>","5","incomplete","false","none","","Named synthetic source or payment phrase is not fully specified locally; exact shared construction and expected bytes are needed before independent reuse.","workflows/docx/revisions.feature; contracts/run-property-revisions.md; contracts/run-move-revisions.md"
"docx","workflows/docx/revisions.feature","124","@id-docx-run-property-revisions-roundtrip","Resolve text and direct properties across seven reachable stories by <action>","2","generalized","true","none","@profile-text-and-run-properties","The shared local contract gives concrete source recipes, expected values, refusal variants, encoding and custody boundaries without language-specific types.","workflows/docx/revisions.feature; contracts/run-property-revisions.md; contracts/run-move-revisions.md"
"docx","workflows/docx/revisions.feature","140","@id-docx-run-property-revisions-scope","Resolve only one story by <action> without touching an unsupported unselected snapshot","2","generalized","true","none","@profile-text-and-run-properties","The shared local contract gives concrete source recipes, expected values, refusal variants, encoding and custody boundaries without language-specific types.","workflows/docx/revisions.feature; contracts/run-property-revisions.md; contracts/run-move-revisions.md"
"docx","workflows/docx/revisions.feature","152","@id-docx-run-property-revisions-default","The default text-only profile still reports and refuses formatting revisions","1","generalized","true","none","@profile-text-and-run-properties","The shared local contract gives concrete source recipes, expected values, refusal variants, encoding and custody boundaries without language-specific types.","workflows/docx/revisions.feature; contracts/run-property-revisions.md; contracts/run-move-revisions.md"
"docx","workflows/docx/revisions.feature","159","@id-docx-run-property-revisions-refusal","Reject unsafe later snapshots <defect> before resolving earlier stories","16","generalized","true","none","@profile-text-and-run-properties","The shared local contract gives concrete source recipes, expected values, refusal variants, encoding and custody boundaries without language-specific types.","workflows/docx/revisions.feature; contracts/run-property-revisions.md; contracts/run-move-revisions.md"
"docx","workflows/docx/revisions.feature","184","@id-docx-run-property-revisions-encoding","Retain previous property namespace meaning and lexical bytes in <encoding>","3","generalized","true","none","@profile-text-and-run-properties","The shared local contract gives concrete source recipes, expected values, refusal variants, encoding and custody boundaries without language-specific types.","workflows/docx/revisions.feature; contracts/run-property-revisions.md; contracts/run-move-revisions.md"
"docx","workflows/docx/revisions.feature","196","@id-docx-run-property-revisions-rollback","Roll back a reached <stage> failure while retaining prior edits","3","generalized","true","none","@profile-text-and-run-properties","The shared local contract gives concrete source recipes, expected values, refusal variants, encoding and custody boundaries without language-specific types.","workflows/docx/revisions.feature; contracts/run-property-revisions.md; contracts/run-move-revisions.md"
"docx","workflows/docx/revisions.feature","209","@id-docx-run-property-revisions-empty","Reject to a complete <snapshot> previous set without keeping current properties","2","generalized","true","none","@profile-text-and-run-properties","The shared local contract gives concrete source recipes, expected values, refusal variants, encoding and custody boundaries without language-specific types.","workflows/docx/revisions.feature; contracts/run-property-revisions.md; contracts/run-move-revisions.md"
"docx","workflows/docx/revisions.feature","220","@id-docx-run-property-revisions-guards","Validate <guard> even when no revisions remain","4","generalized","true","none","@profile-text-and-run-properties","The shared local contract gives concrete source recipes, expected values, refusal variants, encoding and custody boundaries without language-specific types.","workflows/docx/revisions.feature; contracts/run-property-revisions.md; contracts/run-move-revisions.md"
"docx","workflows/docx/revisions.feature","237","@id-docx-paired-move-roundtrip","Resolve paired run moves and existing revisions across seven stories by <action>","2","generalized","true","none","@profile-text-properties-and-moves","The shared local contract gives concrete source recipes, expected values, refusal variants, encoding and custody boundaries without language-specific types.","workflows/docx/revisions.feature; contracts/run-property-revisions.md; contracts/run-move-revisions.md"
"docx","workflows/docx/revisions.feature","253","@id-docx-paired-move-scope","Resolve only header1 by <action> without touching body moves or unsupported footer moves","2","generalized","true","none","@profile-text-properties-and-moves","The shared local contract gives concrete source recipes, expected values, refusal variants, encoding and custody boundaries without language-specific types.","workflows/docx/revisions.feature; contracts/run-property-revisions.md; contracts/run-move-revisions.md"
"docx","workflows/docx/revisions.feature","265","@id-docx-paired-move-defaults","Keep move refusal for the earlier <profile> profile","2","generalized","true","none","@profile-text-properties-and-moves","The shared local contract gives concrete source recipes, expected values, refusal variants, encoding and custody boundaries without language-specific types.","workflows/docx/revisions.feature; contracts/run-property-revisions.md; contracts/run-move-revisions.md"
"docx","workflows/docx/revisions.feature","276","@id-docx-paired-move-refusal","Refuse an unsafe later header move pair <defect> before earlier edits","18","generalized","true","none","@profile-text-properties-and-moves","The shared local contract gives concrete source recipes, expected values, refusal variants, encoding and custody boundaries without language-specific types.","workflows/docx/revisions.feature; contracts/run-property-revisions.md; contracts/run-move-revisions.md"
"docx","workflows/docx/revisions.feature","303","@id-docx-paired-move-encoding","Resolve <action> aliased paired moves in <encoding>","6","generalized","true","none","@profile-text-properties-and-moves","The shared local contract gives concrete source recipes, expected values, refusal variants, encoding and custody boundaries without language-specific types.","workflows/docx/revisions.feature; contracts/run-property-revisions.md; contracts/run-move-revisions.md"
"docx","workflows/docx/revisions.feature","318","@id-docx-paired-move-rollback","Roll back reached move-resolution failure at <stage>","3","generalized","true","none","@profile-text-properties-and-moves","The shared local contract gives concrete source recipes, expected values, refusal variants, encoding and custody boundaries without language-specific types.","workflows/docx/revisions.feature; contracts/run-property-revisions.md; contracts/run-move-revisions.md"
"docx","workflows/docx/revisions.feature","331","@id-docx-paired-move-guards","Check <guard> before a move-profile no-op","3","generalized","true","none","@profile-text-properties-and-moves","The shared local contract gives concrete source recipes, expected values, refusal variants, encoding and custody boundaries without language-specific types.","workflows/docx/revisions.feature; contracts/run-property-revisions.md; contracts/run-move-revisions.md"
"docx","workflows/docx/revisions.feature","343","@id-docx-paired-move-dates","Refuse <defect> on the <side> range start during <action>","8","generalized","true","none","@profile-text-properties-and-moves","The shared local contract gives concrete source recipes, expected values, refusal variants, encoding and custody boundaries without language-specific types.","workflows/docx/revisions.feature; contracts/run-property-revisions.md; contracts/run-move-revisions.md"
"docx","workflows/docx/revisions.feature","360","@id-docx-paired-move-ordering","Multiple pairs with distinct-range-ids retain source order even when destinations precede sources","1","generalized","true","none","@profile-text-properties-and-moves","The shared local contract gives concrete source recipes, expected values, refusal variants, encoding and custody boundaries without language-specific types.","workflows/docx/revisions.feature; contracts/run-property-revisions.md; contracts/run-move-revisions.md"
"docx","workflows/docx/run-formatting.feature","9","@id-docx-direct-run-formatting","Apply the <operation> direct formatting policy","4","incomplete","false","none","","The initial formatting cases use operation/defect labels without concrete run properties and expected per-row results here.","workflows/docx/run-formatting.feature; contracts/run-formatting.md"
"docx","workflows/docx/run-formatting.feature","23","@id-docx-direct-formatting-refusal","Refuse formatting <variant> atomically","11","incomplete","false","none","","The initial formatting cases use operation/defect labels without concrete run properties and expected per-row results here.","workflows/docx/run-formatting.feature; contracts/run-formatting.md"
"docx","workflows/docx/run-formatting.feature","48","@id-docx-go-run-color-getter","A <variant> run colour is normalised by its getter","3","profile-specific","false","none","@profile-document-value-api","Named in-memory getters and return conventions require deliberate document-value API adoption; they do not assert saved OOXML.","workflows/docx/run-formatting.feature; contracts/run-formatting.md; contracts/go-document-api.md"
"docx","workflows/docx/run-formatting.feature","59","@id-docx-go-run-boolean-formatting","A <variant> run reads the three requested direct flags","5","profile-specific","false","none","@profile-document-value-api","Named in-memory getters and return conventions require deliberate document-value API adoption; they do not assert saved OOXML.","workflows/docx/run-formatting.feature; contracts/run-formatting.md; contracts/go-document-api.md"
"docx","workflows/docx/run-formatting.feature","73","@id-docx-go-run-effects-getters","Eight direct run effects read true after setting them","1","profile-specific","false","none","@profile-in-memory-effects-api","All eight getters may be true simultaneously; this compatibility predicate is not a valid saved-format recipe.","workflows/docx/run-formatting.feature; contracts/run-formatting.md; contracts/go-document-api.md"
"docx","workflows/docx/run-formatting.feature","79","@id-docx-go-run-underline-style","A <style> underline is reflected by direct getters","6","profile-specific","false","none","@profile-document-value-api","Named in-memory getters and return conventions require deliberate document-value API adoption; they do not assert saved OOXML.","workflows/docx/run-formatting.feature; contracts/run-formatting.md; contracts/go-document-api.md"
"docx","workflows/docx/run-formatting.feature","93","@id-docx-go-run-font-name","A run retains direct font name <font> in memory","6","profile-specific","false","none","@profile-document-value-api","Named in-memory getters and return conventions require deliberate document-value API adoption; they do not assert saved OOXML.","workflows/docx/run-formatting.feature; contracts/run-formatting.md; contracts/go-document-api.md"
"docx","workflows/docx/run-formatting.feature","107","@id-docx-go-run-highlight","A run retains highlight name <colour> in memory","5","profile-specific","false","none","@profile-document-value-api","Named in-memory getters and return conventions require deliberate document-value API adoption; they do not assert saved OOXML.","workflows/docx/run-formatting.feature; contracts/run-formatting.md; contracts/go-document-api.md"
"docx","workflows/docx/run-formatting.feature","120","@id-docx-go-run-vertical-align","Separate superscript and subscript runs have opposite flags","1","profile-specific","false","none","@profile-document-value-api","Named in-memory getters and return conventions require deliberate document-value API adoption; they do not assert saved OOXML.","workflows/docx/run-formatting.feature; contracts/run-formatting.md; contracts/go-document-api.md"
"docx","workflows/docx/run-formatting.feature","127","@id-docx-go-roundtrip-selected-formatting","Selected direct run formatting survives save and reopen","1","profile-specific","false","none","@profile-selected-formatting-readback","Only named positions/properties are checked after reopen; text and complete preservation are outside this selected API profile.","workflows/docx/run-formatting.feature; contracts/run-formatting.md; contracts/go-document-api.md"
"docx","workflows/docx/run-formatting.feature","139","@id-docx-retained-run-strike","docx run strike changes only its selected direct properties","1","generalized","true","none","@profile-retained-style-word","Project-authoredretainededitcontract;exacttargetdirectvalues/save-reopen/source-bytecustodyandatomicerrors,allconsumersplanned.","workflows/docx/run-formatting.feature; contracts/retained-style-word.md"
"docx","workflows/docx/run-formatting.feature","152","@id-docx-retained-run-underline","docx run underline changes only its selected direct properties","1","generalized","true","none","@profile-retained-style-word","Project-authoredretainededitcontract;exacttargetdirectvalues/save-reopen/source-bytecustodyandatomicerrors,allconsumersplanned.","workflows/docx/run-formatting.feature; contracts/retained-style-word.md"
"docx","workflows/docx/run-formatting.feature","165","@id-docx-retained-run-color","docx run color changes only its selected direct properties","1","generalized","true","none","@profile-retained-style-word","Project-authoredretainededitcontract;exacttargetdirectvalues/save-reopen/source-bytecustodyandatomicerrors,allconsumersplanned.","workflows/docx/run-formatting.feature; contracts/retained-style-word.md"
"docx","workflows/docx/run-formatting.feature","178","@id-docx-retained-run-highlight","docx run highlight changes only its selected direct properties","1","generalized","true","none","@profile-retained-style-word","Project-authoredretainededitcontract;exacttargetdirectvalues/save-reopen/source-bytecustodyandatomicerrors,allconsumersplanned.","workflows/docx/run-formatting.feature; contracts/retained-style-word.md"
"docx","workflows/docx/run-formatting.feature","191","@id-docx-retained-run-size","docx run size changes only its selected direct properties","1","generalized","true","none","@profile-retained-style-word","Project-authoredretainededitcontract;exacttargetdirectvalues/save-reopen/source-bytecustodyandatomicerrors,allconsumersplanned.","workflows/docx/run-formatting.feature; contracts/retained-style-word.md"
"docx","workflows/docx/run-formatting.feature","204","@id-docx-retained-run-font","docx run font changes only its selected direct properties","1","generalized","true","none","@profile-retained-style-word","Project-authoredretainededitcontract;exacttargetdirectvalues/save-reopen/source-bytecustodyandatomicerrors,allconsumersplanned.","workflows/docx/run-formatting.feature; contracts/retained-style-word.md"
"docx","workflows/docx/run-formatting.feature","217","@id-docx-retained-run-superscript","docx run superscript changes only its selected direct properties","1","generalized","true","none","@profile-retained-style-word","Project-authoredretainededitcontract;exacttargetdirectvalues/save-reopen/source-bytecustodyandatomicerrors,allconsumersplanned.","workflows/docx/run-formatting.feature; contracts/retained-style-word.md"
"docx","workflows/docx/run-formatting.feature","230","@id-docx-retained-run-subscript","docx run subscript changes only its selected direct properties","1","generalized","true","none","@profile-retained-style-word","Project-authoredretainededitcontract;exacttargetdirectvalues/save-reopen/source-bytecustodyandatomicerrors,allconsumersplanned.","workflows/docx/run-formatting.feature; contracts/retained-style-word.md"
"docx","workflows/docx/run-formatting.feature","243","@id-docx-retained-run-caps","docx run caps changes only its selected direct properties","1","generalized","true","none","@profile-retained-style-word","Project-authoredretainededitcontract;exacttargetdirectvalues/save-reopen/source-bytecustodyandatomicerrors,allconsumersplanned.","workflows/docx/run-formatting.feature; contracts/retained-style-word.md"
"docx","workflows/docx/run-formatting.feature","256","@id-docx-retained-run-small-caps","docx run small caps changes only its selected direct properties","1","generalized","true","none","@profile-retained-style-word","Project-authoredretainededitcontract;exacttargetdirectvalues/save-reopen/source-bytecustodyandatomicerrors,allconsumersplanned.","workflows/docx/run-formatting.feature; contracts/retained-style-word.md"
"docx","workflows/docx/run-formatting.feature","269","@id-docx-retained-run-hidden","docx run hidden changes only its selected direct properties","1","generalized","true","none","@profile-retained-style-word","Project-authoredretainededitcontract;exacttargetdirectvalues/save-reopen/source-bytecustodyandatomicerrors,allconsumersplanned.","workflows/docx/run-formatting.feature; contracts/retained-style-word.md"
"docx","workflows/docx/run-formatting.feature","282","@id-docx-retained-run-inherit","docx run inherit changes only its selected direct properties","1","generalized","true","none","@profile-retained-style-word","Project-authoredretainededitcontract;exacttargetdirectvalues/save-reopen/source-bytecustodyandatomicerrors,allconsumersplanned.","workflows/docx/run-formatting.feature; contracts/retained-style-word.md"
"docx","workflows/docx/stories.feature","7","@id-docx-story-parts","story parts follow the reachable relationship graph","1","incomplete","false","none","","Exact expected lists are present, but synthetic-revisions/synthetic-blind package recipes and relationship inputs are not defined locally.","workflows/docx/stories.feature; contracts/native-profiles.md"
"docx","workflows/docx/stories.feature","21","@id-docx-story-views","revision views preserve document order and run breaks across stories","1","incomplete","false","none","","Exact expected lists are present, but synthetic-revisions/synthetic-blind package recipes and relationship inputs are not defined locally.","workflows/docx/stories.feature; contracts/native-profiles.md"
"docx","workflows/docx/stories.feature","65","@id-docx-story-blind","blind regions are reported honestly and inspection does not mutate bytes","1","incomplete","false","none","","Exact expected lists are present, but synthetic-revisions/synthetic-blind package recipes and relationship inputs are not defined locally.","workflows/docx/stories.feature; contracts/native-profiles.md"
"docx","workflows/docx/style-authoring.feature","8","@id-docx-paragraph-style-authoring","Create and select a new paragraph style with <registry> and <options>","7","incomplete","false","none","","Authored/refusal kind labels omit exact source style registries, requested definitions and per-row expected outputs.","workflows/docx/style-authoring.feature; contracts/style-authoring.md"
"docx","workflows/docx/style-authoring.feature","25","@id-docx-paragraph-style-authoring-refusal","Refuse unsafe style authoring atomically for <kind>","17","incomplete","false","none","","Authored/refusal kind labels omit exact source style registries, requested definitions and per-row expected outputs.","workflows/docx/style-authoring.feature; contracts/style-authoring.md"
"docx","workflows/docx/table-merging.feature","9","@id-docx-horizontal-merge-roundtrip","Save a horizontal merge while retaining source and unrelated content","3","generalized","true","none","@profile-preserving-horizontal-merge","The local contract specifies source table geometry, content, every defect, encoding and exact preservation/rollback boundaries.","workflows/docx/table-merging.feature; contracts/table-merging.md"
"docx","workflows/docx/table-merging.feature","23","@id-docx-horizontal-merge-content-refusal","Refuse to discard absorbed cell content or metadata","6","generalized","true","none","@profile-preserving-horizontal-merge","The local contract specifies source table geometry, content, every defect, encoding and exact preservation/rollback boundaries.","workflows/docx/table-merging.feature; contracts/table-merging.md"
"docx","workflows/docx/table-merging.feature","37","@id-docx-horizontal-merge-structure-refusal","Refuse unsupported structure anywhere in the table","6","generalized","true","none","@profile-preserving-horizontal-merge","The local contract specifies source table geometry, content, every defect, encoding and exact preservation/rollback boundaries.","workflows/docx/table-merging.feature; contracts/table-merging.md"
"docx","workflows/docx/table-merging.feature","51","@id-docx-horizontal-merge-coordinate-refusal","Refuse invalid horizontal ranges before mutation","4","generalized","true","none","@profile-preserving-horizontal-merge","The local contract specifies source table geometry, content, every defect, encoding and exact preservation/rollback boundaries.","workflows/docx/table-merging.feature; contracts/table-merging.md"
"docx","workflows/docx/table-merging.feature","63","@id-docx-horizontal-merge-rollback","Roll back write or serialization faults without invalidating handles","2","generalized","true","none","@profile-preserving-horizontal-merge","The local contract specifies source table geometry, content, every defect, encoding and exact preservation/rollback boundaries.","workflows/docx/table-merging.feature; contracts/table-merging.md"
"docx","workflows/docx/table-merging.feature","73","@id-docx-horizontal-merge-encoding","Preserve XML encoding and retained content across merge save and reopen","3","generalized","true","none","@profile-preserving-horizontal-merge","The local contract specifies source table geometry, content, every defect, encoding and exact preservation/rollback boundaries.","workflows/docx/table-merging.feature; contracts/table-merging.md"
"docx","workflows/docx/table-merging.feature","86","@id-docx-horizontal-merge-stale","Retain refusal boundaries after a successful physical merge","2","generalized","true","none","@profile-preserving-horizontal-merge","The local contract specifies source table geometry, content, every defect, encoding and exact preservation/rollback boundaries.","workflows/docx/table-merging.feature; contracts/table-merging.md"
"docx","workflows/docx/table-merging.feature","101","@id-docx-vertical-merge-roundtrip","Save a single-column merge without removing physical cells","3","generalized","true","none","@profile-preserving-vertical-merge","The local contract specifies source table geometry, content, every defect, encoding and exact preservation/rollback boundaries.","workflows/docx/table-merging.feature; contracts/table-merging.md"
"docx","workflows/docx/table-merging.feature","115","@id-docx-vertical-merge-content-refusal","Refuse to hide continuation cell content or metadata","6","generalized","true","none","@profile-preserving-vertical-merge","The local contract specifies source table geometry, content, every defect, encoding and exact preservation/rollback boundaries.","workflows/docx/table-merging.feature; contracts/table-merging.md"
"docx","workflows/docx/table-merging.feature","129","@id-docx-vertical-merge-structure-refusal","Refuse unsupported structure outside the selected column too","6","generalized","true","none","@profile-preserving-vertical-merge","The local contract specifies source table geometry, content, every defect, encoding and exact preservation/rollback boundaries.","workflows/docx/table-merging.feature; contracts/table-merging.md"
"docx","workflows/docx/table-merging.feature","143","@id-docx-vertical-merge-coordinate-refusal","Refuse invalid vertical merge ranges before mutation","4","generalized","true","none","@profile-preserving-vertical-merge","The local contract specifies source table geometry, content, every defect, encoding and exact preservation/rollback boundaries.","workflows/docx/table-merging.feature; contracts/table-merging.md"
"docx","workflows/docx/table-merging.feature","155","@id-docx-vertical-merge-rollback","Roll back vertical marker publication without invalidating held handles","2","generalized","true","none","@profile-preserving-vertical-merge","The local contract specifies source table geometry, content, every defect, encoding and exact preservation/rollback boundaries.","workflows/docx/table-merging.feature; contracts/table-merging.md"
"docx","workflows/docx/table-merging.feature","165","@id-docx-vertical-merge-encoding","Retain byte order and namespace meaning when saving vertical merges","3","generalized","true","none","@profile-preserving-vertical-merge","The local contract specifies source table geometry, content, every defect, encoding and exact preservation/rollback boundaries.","workflows/docx/table-merging.feature; contracts/table-merging.md"
"docx","workflows/docx/table-merging.feature","179","@id-docx-vertical-merge-stale","Keep post-merge refusal boundaries without changing retained cells","2","generalized","true","none","@profile-preserving-vertical-merge","The local contract specifies source table geometry, content, every defect, encoding and exact preservation/rollback boundaries.","workflows/docx/table-merging.feature; contracts/table-merging.md"
"docx","workflows/docx/tables.feature","9","@id-docx-table-create-roundtrip","DOCX table authoring round-trips escaped text, boundary spaces, and normalized newlines","1","generalized","true","none","","Explicit table or sealed fixture inputs, literal values and bounded saved outcomes can be implemented independently.","workflows/docx/tables.feature; contracts/native-profiles.md"
"docx","workflows/docx/tables.feature","22","@id-docx-table-opaque-preserve","DOCX table cell updates preserve opaque package parts after save and reopen","1","generalized","true","none","","Explicit table or sealed fixture inputs, literal values and bounded saved outcomes can be implemented independently.","workflows/docx/tables.feature; contracts/native-profiles.md"
"docx","workflows/docx/tables.feature","32","@id-docx-table-stale-cell","DOCX table cell handles go stale after any document edit and refuse atomically","1","profile-specific","false","none","","Every document edit invalidates held cell handles and requires docx-stale-table-cell; this is a session API policy.","workflows/docx/tables.feature; contracts/native-profiles.md"
"docx","workflows/docx/tables.feature","43","@id-docx-table-atomic-refusals","DOCX table refuses <case> atomically","4","incomplete","false","none","","Two synthetic merged/nested/grid-before sources and their precise mutations are not defined in the shared feature or contract.","workflows/docx/tables.feature; contracts/native-profiles.md"
"docx","workflows/docx/tables.feature","63","@id-docx-go-table-dimensions-getters","A newly added <rows> by <cols> table reports its dimensions","8","profile-specific","false","none","@profile-document-value-api","Named in-memory getters and return conventions require deliberate document-value API adoption; they do not assert saved OOXML.","workflows/docx/tables.feature; contracts/native-profiles.md; contracts/go-document-api.md"
"docx","workflows/docx/tables.feature","79","@id-docx-go-table-cell-access","A three-by-three table reports exact cell presence without out-of-range aliasing","1","generalized","true","none","@profile-bounded-cell-lookup","Explicit fourteen-coordinate presence/absence and nine distinct texts prevent out-of-range aliasing; native absence spelling is mapped without changing the result or document XML.","workflows/docx/tables.feature; contracts/native-profiles.md; contracts/go-document-api.md"
"docx","workflows/docx/tables.feature","101","@id-docx-go-table-cell-text-getters","A two-by-two table reads four assigned texts and its first row","1","profile-specific","false","none","@profile-document-value-api","Named in-memory getters and return conventions require deliberate document-value API adoption; they do not assert saved OOXML.","workflows/docx/tables.feature; contracts/native-profiles.md; contracts/go-document-api.md"
"docx","workflows/docx/tables.feature","108","@id-docx-go-table-row-counts","Adding, inserting and deleting rows changes table count in memory","1","profile-specific","false","none","@profile-document-value-api","Named in-memory getters and return conventions require deliberate document-value API adoption; they do not assert saved OOXML.","workflows/docx/tables.feature; contracts/native-profiles.md; contracts/go-document-api.md"
"docx","workflows/docx/tables.feature","115","@id-docx-go-table-merge-properties","A cell span and two vertical-merge flags read back directly","1","profile-specific","false","none","@profile-document-value-api","Named in-memory getters and return conventions require deliberate document-value API adoption; they do not assert saved OOXML.","workflows/docx/tables.feature; contracts/native-profiles.md; contracts/go-document-api.md"
"docx","workflows/docx/tables.feature","122","@id-docx-go-table-style-getter","A table style getter changes from empty to TableGrid","1","profile-specific","false","none","@profile-document-value-api","Named in-memory getters and return conventions require deliberate document-value API adoption; they do not assert saved OOXML.","workflows/docx/tables.feature; contracts/native-profiles.md; contracts/go-document-api.md"
"docx","workflows/docx/tables.feature","128","@id-docx-go-table-header-getter","A row header getter changes from false to true","1","profile-specific","false","none","@profile-document-value-api","Named in-memory getters and return conventions require deliberate document-value API adoption; they do not assert saved OOXML.","workflows/docx/tables.feature; contracts/native-profiles.md; contracts/go-document-api.md"
"docx","workflows/docx/tables.feature","134","@id-docx-go-cell-shading-getter","A cell shading getter reads direct colour FFFF00","1","profile-specific","false","none","@profile-document-value-api","Named in-memory getters and return conventions require deliberate document-value API adoption; they do not assert saved OOXML.","workflows/docx/tables.feature; contracts/native-profiles.md; contracts/go-document-api.md"
"docx","workflows/docx/tables.feature","140","@id-docx-go-cell-properties-getters","A table cell reads selected width, alignment, direction and border presence","1","incomplete","false","none","@profile-document-value-api","The border assertion only checks nonnil collection/top border; supplied style/size/colour are not verified.","workflows/docx/tables.feature; contracts/native-profiles.md; contracts/go-document-api.md"
"docx","workflows/docx/tables.feature","148","@id-docx-go-roundtrip-table-text","Nine table cell texts survive save and reopen","1","profile-specific","false","none","@profile-table-text-readback","Nine exact cell-text getters after reopening are portable but scoped to the selected table-value API.","workflows/docx/tables.feature; contracts/native-profiles.md; contracts/go-document-api.md"
"docx","workflows/docx/template-analysis.feature","11","@id-python-word-template-analysis-sow-response","Analyzing the generated SOW template succeeds","1","incomplete","false","none","@profile-template-response-status-api","Dictionary-without-error validates status only; actual sections, placeholders, guidance and table results are unasserted.","workflows/docx/template-analysis.feature; contracts/python-template-analysis.md; contracts/template-inventory.md"
"docx","workflows/docx/template-analysis.feature","17","@id-python-word-template-analysis-placeholder-response","Analyzing a template with plain placeholders returns a dictionary","1","incomplete","false","none","@profile-template-response-shape-api","Any dictionary, including an error dictionary, passes; placeholder values and useful analysis are unasserted.","workflows/docx/template-analysis.feature; contracts/python-template-analysis.md; contracts/template-inventory.md"
"docx","workflows/docx/template-analysis.feature","23","@id-python-word-template-analysis-colour-response","Analyzing the Word/PPTX advanced-operations sample returns a dictionary","1","incomplete","false","none","@profile-template-response-shape-api","Any dictionary, including an error dictionary, passes; guidance/colour classification is unasserted.","workflows/docx/template-analysis.feature; contracts/python-template-analysis.md; contracts/template-inventory.md"
"docx","workflows/docx/template-analysis.feature","29","@id-python-word-template-analysis-plain-response","Analyzing a plain document returns a dictionary","1","incomplete","false","none","@profile-template-response-shape-api","Any dictionary, including an error dictionary, passes; no useful plain-document analysis is required.","workflows/docx/template-analysis.feature; contracts/python-template-analysis.md; contracts/template-inventory.md"
"docx","workflows/docx/template-analysis.feature","35","@id-python-office-template-analysis-response","Unified Word template analysis returns no error","1","incomplete","false","none","@profile-template-response-status-api","Absence of an error member alone does not specify useful template-analysis fields or correctness.","workflows/docx/template-analysis.feature; contracts/python-template-analysis.md; contracts/template-inventory.md"
"docx","workflows/docx/template-analysis.feature","41","@id-python-office-template-analysis-cache","Unified Word template analysis exposes stored then cached metadata","1","profile-specific","false","none","@profile-template-metadata-response-api","Stored/hit status and staffing table-purpose classification require the selected metadata API; they are not literal inventory.","workflows/docx/template-analysis.feature; contracts/python-template-analysis.md; contracts/template-inventory.md"
"docx","workflows/docx/template-analysis.feature","54","@id-docx-template-inventory-values","Inspect a saved document with concrete section table and placeholder values","1","generalized","true","none","@profile-concrete-template-inventory","The shared local contract gives concrete source recipes, expected values, refusal variants, encoding and custody boundaries without language-specific types.","workflows/docx/template-analysis.feature; contracts/python-template-analysis.md; contracts/template-inventory.md"
"docx","workflows/docx/template-analysis.feature","62","@id-docx-template-inventory-empty","Report explicit empty collections without inventing classifications","2","generalized","true","none","@profile-concrete-template-inventory","The shared local contract gives concrete source recipes, expected values, refusal variants, encoding and custody boundaries without language-specific types.","workflows/docx/template-analysis.feature; contracts/python-template-analysis.md; contracts/template-inventory.md"
"docx","workflows/docx/template-analysis.feature","73","@id-docx-template-inventory-placeholders","Keep literal placeholder occurrences and UTF-16 offsets across runs only","1","generalized","true","none","@profile-concrete-template-inventory","The shared local contract gives concrete source recipes, expected values, refusal variants, encoding and custody boundaries without language-specific types.","workflows/docx/template-analysis.feature; contracts/python-template-analysis.md; contracts/template-inventory.md"
"docx","workflows/docx/template-analysis.feature","81","@id-docx-template-inventory-refusal","Refuse misleading or unsupported inventory rather than return partial success","10","generalized","true","none","@profile-concrete-template-inventory","The shared local contract gives concrete source recipes, expected values, refusal variants, encoding and custody boundaries without language-specific types.","workflows/docx/template-analysis.feature; contracts/python-template-analysis.md; contracts/template-inventory.md"
"docx","workflows/docx/template-analysis.feature","100","@id-docx-template-inventory-bounds","Refuse exceeded bounds instead of returning a truncated inventory","3","generalized","true","none","@profile-concrete-template-inventory","The shared local contract gives concrete source recipes, expected values, refusal variants, encoding and custody boundaries without language-specific types.","workflows/docx/template-analysis.feature; contracts/python-template-analysis.md; contracts/template-inventory.md"
"docx","workflows/docx/template-analysis.feature","112","@id-docx-template-inventory-encoding","Read aliased encoded template XML without altering its bytes","2","generalized","true","none","@profile-concrete-template-inventory","The shared local contract gives concrete source recipes, expected values, refusal variants, encoding and custody boundaries without language-specific types.","workflows/docx/template-analysis.feature; contracts/python-template-analysis.md; contracts/template-inventory.md"
"docx","workflows/docx/template-analysis.feature","123","@id-docx-template-inventory-snapshot","Retain an immutable inventory snapshot after later editing","1","generalized","true","none","@profile-concrete-template-inventory","The shared local contract gives concrete source recipes, expected values, refusal variants, encoding and custody boundaries without language-specific types.","workflows/docx/template-analysis.feature; contracts/python-template-analysis.md; contracts/template-inventory.md"
"docx","workflows/docx/template-analysis.feature","131","@id-docx-template-inventory-scope","Keep read-only scope explicit for protection and unrelated stories","2","generalized","true","none","@profile-concrete-template-inventory","The shared local contract gives concrete source recipes, expected values, refusal variants, encoding and custody boundaries without language-specific types.","workflows/docx/template-analysis.feature; contracts/python-template-analysis.md; contracts/template-inventory.md"
"docx","workflows/docx/template-cache.feature","11","@id-python-template-cache-key-stable","A Word template's unchanged identity produces the same cache key","1","profile-specific","false","none","@profile-template-cache-api","Cache key/source-metadata/schema conventions and exact stored/hit/stale/corrupt reasons require the cache API profile.","workflows/docx/template-cache.feature; contracts/python-template-cache.md"
"docx","workflows/docx/template-cache.feature","17","@id-python-template-cache-roundtrip","Stored metadata is returned on a cache hit","1","profile-specific","false","none","@profile-template-cache-api","Cache key/source-metadata/schema conventions and exact stored/hit/stale/corrupt reasons require the cache API profile.","workflows/docx/template-cache.feature; contracts/python-template-cache.md"
"docx","workflows/docx/template-cache.feature","25","@id-python-template-cache-source-change","A changed Word template makes its stored metadata stale","1","profile-specific","false","none","@profile-template-cache-api","Cache key/source-metadata/schema conventions and exact stored/hit/stale/corrupt reasons require the cache API profile.","workflows/docx/template-cache.feature; contracts/python-template-cache.md"
"docx","workflows/docx/template-cache.feature","34","@id-python-template-cache-corrupt","Invalid JSON cache content is rejected","1","profile-specific","false","none","@profile-template-cache-api","Cache key/source-metadata/schema conventions and exact stored/hit/stale/corrupt reasons require the cache API profile.","workflows/docx/template-cache.feature; contracts/python-template-cache.md"
"docx","workflows/docx/template-cache.feature","42","@id-python-template-cache-schema-mismatch","A cache record with a different schema version is rejected","1","profile-specific","false","none","@profile-template-cache-api","Cache key/source-metadata/schema conventions and exact stored/hit/stale/corrupt reasons require the cache API profile.","workflows/docx/template-cache.feature; contracts/python-template-cache.md"
"docx","workflows/docx/template-cache.feature","50","@id-python-template-cache-sow-reuse","Parsing the same Word SOW twice reuses its cached metadata","1","profile-specific","false","none","@profile-template-cache-api","Cache key/source-metadata/schema conventions and exact stored/hit/stale/corrupt reasons require the cache API profile.","workflows/docx/template-cache.feature; contracts/python-template-cache.md"
"docx","workflows/docx/template-cache.feature","60","@id-python-template-cache-sow-regenerate","Editing the Word SOW causes metadata to be regenerated","1","profile-specific","false","none","@profile-template-cache-api","Cache key/source-metadata/schema conventions and exact stored/hit/stale/corrupt reasons require the cache API profile.","workflows/docx/template-cache.feature; contracts/python-template-cache.md"
"docx","workflows/docx/text.feature","8","@id-docx-format-preserve","DOCX slice preserves formatting across a cross-run replacement after save and reopen","1","generalized","true","none","","Sealed source documents, selected positions, literal changes and refusal/custody predicates are independent of implementation language.","workflows/docx/text.feature; contracts/native-profiles.md"
"docx","workflows/docx/text.feature","16","@id-docx-xml-space","DOCX slice preserves boundary whitespace across a cross-run replacement after save and reopen","1","incomplete","false","none","","The synthetic-whitespace source lacks its exact run split/text-node recipe here.","workflows/docx/text.feature; contracts/native-profiles.md"
"docx","workflows/docx/text.feature","24","@id-docx-table-paragraph","DOCX slice includes table-cell paragraphs in document order for exact replacement","1","generalized","true","none","","Sealed source documents, selected positions, literal changes and refusal/custody predicates are independent of implementation language.","workflows/docx/text.feature; contracts/native-profiles.md"
"docx","workflows/docx/text.feature","34","@id-docx-stale-span","DOCX slice refuses a stale span without mutating the package","1","profile-specific","false","none","","Pinned inputs and byte custody are concrete; stale-span lifetime and exact error code select a session API.","workflows/docx/text.feature; contracts/native-profiles.md"
"docx","workflows/docx/text.feature","44","@id-docx-refuse-topology","DOCX slice refuses unsupported paragraph topology for <fixture> paragraph <paragraph> exact search ""<query>""","3","incomplete","false","none","","The synthetic-field example lacks exact source XML; pinned SDT rows cannot supply that missing row.","workflows/docx/text.feature; contracts/native-profiles.md"
"docx","workflows/docx/tracked-workflow.feature","9","@id-docx-track-changes-option-outcome","Report observed revisions for <operation>","5","incomplete","false","none","","Dispatch kind/refusal labels and abstract source package lack a complete shared per-row input recipe, despite exact revision counts.","workflows/docx/tracked-workflow.feature; contracts/tracked-workflow.md"
"docx","workflows/docx/tracked-workflow.feature","24","@id-docx-workflow-tracked-refusal","Tracked dispatch refuses <variant> without output changes","12","incomplete","false","none","","Dispatch kind/refusal labels and abstract source package lack a complete shared per-row input recipe, despite exact revision counts.","workflows/docx/tracked-workflow.feature; contracts/tracked-workflow.md"
"docx","workflows/docx/tracked-workflow.feature","50","@id-docx-go-track-author-toggle","Track Changes author and enabled flag follow a direct toggle sequence","1","profile-specific","false","none","@profile-document-value-api","Named in-memory getters and return conventions require deliberate document-value API adoption; they do not assert saved OOXML.","workflows/docx/tracked-workflow.feature; contracts/tracked-workflow.md; contracts/go-document-api.md"
"docx","workflows/docx/tracking-settings.feature","10","@id-docx-tracking-settings-persistence","Persist an explicit preference without serializing the session author","2","generalized","true","none","@profile-preserving-settings-editor","Local settings contract defines literal source, ownership/refusal variants, encodings, saved results and synchronous fault stages.","workflows/docx/tracking-settings.feature; contracts/tracking-settings.md"
"docx","workflows/docx/tracking-settings.feature","22","@id-docx-tracking-settings-custody","Edit existing settings without replacing sibling metadata","3","generalized","true","none","@profile-preserving-settings-editor","Local settings contract defines literal source, ownership/refusal variants, encodings, saved results and synchronous fault stages.","workflows/docx/tracking-settings.feature; contracts/tracking-settings.md"
"docx","workflows/docx/tracking-settings.feature","35","@id-docx-tracking-settings-no-op","Keep same-state archive bytes and session-only author changes","4","generalized","true","none","@profile-preserving-settings-editor","Local settings contract defines literal source, ownership/refusal variants, encodings, saved results and synchronous fault stages.","workflows/docx/tracking-settings.feature; contracts/tracking-settings.md"
"docx","workflows/docx/tracking-settings.feature","48","@id-docx-tracking-settings-refusal","Refuse protected or ambiguous settings before any mutation","8","generalized","true","none","@profile-preserving-settings-editor","Local settings contract defines literal source, ownership/refusal variants, encodings, saved results and synchronous fault stages.","workflows/docx/tracking-settings.feature; contracts/tracking-settings.md"
"docx","workflows/docx/tracking-settings.feature","65","@id-docx-tracking-settings-rollback","Roll back failed settings publication including session metadata","3","generalized","true","none","@profile-preserving-settings-editor","Local settings contract defines literal source, ownership/refusal variants, encodings, saved results and synchronous fault stages.","workflows/docx/tracking-settings.feature; contracts/tracking-settings.md"
"docx","workflows/docx/tracking-settings.feature","77","@id-docx-tracking-settings-plain-edit","Keep ordinary editing separate from the saved tracking preference","1","generalized","true","none","@profile-preserving-settings-editor","Local settings contract defines literal source, ownership/refusal variants, encodings, saved results and synchronous fault stages.","workflows/docx/tracking-settings.feature; contracts/tracking-settings.md"
"docx","workflows/docx/tracking-settings.feature","84","@id-docx-tracking-settings-author-refusal","Refuse invalid session authors before creating settings","3","generalized","true","none","@profile-preserving-settings-editor","Local settings contract defines literal source, ownership/refusal variants, encodings, saved results and synchronous fault stages.","workflows/docx/tracking-settings.feature; contracts/tracking-settings.md"
"pptx","workflows/pptx/bullets.feature","5","@id-pptx-manipulation-bullet-default","append body bullet","1","generalized","true","none","@profile-retained-manipulation","Concrete immutable input, literal operation/values, independent saved XML readback and exact unrelated-payload custody; implementation planned in every runtime.","workflows/pptx/bullets.feature; contracts/pptx-manipulation.md"
"pptx","workflows/pptx/bullets.feature","17","@id-pptx-manipulation-bullet-sequence","append two ordered bullets","1","generalized","true","none","@profile-retained-manipulation","Concrete immutable input, literal operation/values, independent saved XML readback and exact unrelated-payload custody; implementation planned in every runtime.","workflows/pptx/bullets.feature; contracts/pptx-manipulation.md"
"pptx","workflows/pptx/bullets.feature","29","@id-pptx-manipulation-bullet-level","direct bullet indentation","1","generalized","true","none","@profile-retained-manipulation","Concrete immutable input, literal operation/values, independent saved XML readback and exact unrelated-payload custody; implementation planned in every runtime.","workflows/pptx/bullets.feature; contracts/pptx-manipulation.md"
"pptx","workflows/pptx/bullets.feature","41","@id-pptx-manipulation-bullet-bold-label","bold label only","1","generalized","true","none","@profile-retained-manipulation","Concrete immutable input, literal operation/values, independent saved XML readback and exact unrelated-payload custody; implementation planned in every runtime.","workflows/pptx/bullets.feature; contracts/pptx-manipulation.md"
"pptx","workflows/pptx/bullets.feature","53","@id-pptx-manipulation-clear-bullets","clear body paragraphs","1","generalized","true","none","@profile-retained-manipulation","Concrete immutable input, literal operation/values, independent saved XML readback and exact unrelated-payload custody; implementation planned in every runtime.","workflows/pptx/bullets.feature; contracts/pptx-manipulation.md"
"pptx","workflows/pptx/creation.feature","8","@id-pptx-create-new-minimal","Create a minimal presentation and reopen two authored text slides in order","1","incomplete","false","none","","Minimal deck and refusal-kind names lack exact slide text/layout recipes and per-case expected graph values in this repo.","workflows/pptx/creation.feature; contracts/native-profiles.md"
"pptx","workflows/pptx/creation.feature","14","@id-pptx-create-anchor-preservation","Append to a compatible existing deck without invalidating untouched slide anchors","1","incomplete","false","none","","Minimal deck and refusal-kind names lack exact slide text/layout recipes and per-case expected graph values in this repo.","workflows/pptx/creation.feature; contracts/native-profiles.md"
"pptx","workflows/pptx/creation.feature","20","@id-pptx-create-refusals","Refuse invalid arguments and unsafe existing layouts without mutation","1","incomplete","false","none","","Minimal deck and refusal-kind names lack exact slide text/layout recipes and per-case expected graph values in this repo.","workflows/pptx/creation.feature; contracts/native-profiles.md"
"pptx","workflows/pptx/creation.feature","26","@id-pptx-manipulation-insert-start","insert title slide at start","1","generalized","true","none","@profile-retained-manipulation","Concrete immutable input, literal operation/values, independent saved XML readback and exact unrelated-payload custody; implementation planned in every runtime.","workflows/pptx/creation.feature; contracts/pptx-manipulation.md"
"pptx","workflows/pptx/creation.feature","38","@id-pptx-manipulation-insert-middle","insert title slide at index one","1","generalized","true","none","@profile-retained-manipulation","Concrete immutable input, literal operation/values, independent saved XML readback and exact unrelated-payload custody; implementation planned in every runtime.","workflows/pptx/creation.feature; contracts/pptx-manipulation.md"
"pptx","workflows/pptx/layout-recommendation.feature","10","@id-pptx-layout-recommendation-ranked","Recommend an existing layout for <content_type> with exact ranking","5","profile-specific","false","none","@profile-layout-ranking","Pinned ranking, score/tie order and next-tool hints require the recommendation API.","workflows/pptx/layout-recommendation.feature; ledgers/functional-equivalence.json"
"pptx","workflows/pptx/layout-recommendation.feature","28","@id-pptx-layout-recommendation-missing-file","A missing presentation refuses before any layout inspection or output","1","profile-specific","false","none","@profile-layout-ranking","Pinned ranking, score/tie order and next-tool hints require the recommendation API.","workflows/pptx/layout-recommendation.feature; ledgers/functional-equivalence.json"
"pptx","workflows/pptx/mutation-safety.feature","9","@id-pptx-dry-run-no-mutation","Previewing a slide edit with <destination> leaves files unchanged","3","generalized","true","none","","Manifest-backed source and mutation contract fix destination policy, exact changed members and atomicity.","workflows/pptx/mutation-safety.feature; contracts/mutation-safety.json"
"pptx","workflows/pptx/mutation-safety.feature","26","@id-pptx-batch-output-accumulates","The committed <destination> contains every slide edit","2","generalized","true","none","","Manifest-backed source and mutation contract fix destination policy, exact changed members and atomicity.","workflows/pptx/mutation-safety.feature; contracts/mutation-safety.json"
"pptx","workflows/pptx/mutation-safety.feature","50","@id-office-preview-details","A dry-run preview describes the requested edit without committing it","1","generalized","true","none","","Manifest-backed source and mutation contract fix destination policy, exact changed members and atomicity.","workflows/pptx/mutation-safety.feature; contracts/mutation-safety.json"
"pptx","workflows/pptx/notes.feature","9","@id-pptx-order-notes-read","Follow presentation relationships and keep notes reads non-mutating","1","incomplete","false","none","","The ordered-notes fixture label lacks an explicit local permutation/input recipe; do not infer it from an implementation binding.","workflows/pptx/notes.feature; contracts/go-notes-editing.md"
"pptx","workflows/pptx/notes.feature","19","@id-pptx-notes-collection-read","Read three notes and one absent note from a <variant> four-slide presentation","2","profile-specific","false","none","@profile-notes-collection","One-based numbering, file/notes JSON keys and literal not-found messages require the notes-collection response API.","workflows/pptx/notes.feature; contracts/go-notes-editing.md"
"pptx","workflows/pptx/notes.feature","44","@id-pptx-go-notes-exact-splice","Replace existing speaker text with one changed notes part after save and reopen","1","profile-specific","false","none","@profile-existing-notes","Existing-part target ownership, stale-target policy, input restrictions and template fragments require this bounded notes editor profile.","workflows/pptx/notes.feature; contracts/go-notes-editing.md"
"pptx","workflows/pptx/notes.feature","54","@id-pptx-go-notes-refusal-and-noop-custody","Foreign and invalid notes writes refuse before an identical-text no-op","1","profile-specific","false","none","@profile-existing-notes","Existing-part target ownership, stale-target policy, input restrictions and template fragments require this bounded notes editor profile.","workflows/pptx/notes.feature; contracts/go-notes-editing.md"
"pptx","workflows/pptx/notes.feature","64","@id-pptx-go-notes-clear-stale-refill","Clear existing notes and refuse another held target before refilling","1","profile-specific","false","none","@profile-existing-notes","Existing-part target ownership, stale-target policy, input restrictions and template fragments require this bounded notes editor profile.","workflows/pptx/notes.feature; contracts/go-notes-editing.md"
"pptx","workflows/pptx/notes.feature","73","@id-pptx-go-notes-part-fingerprint-refusal","A changed notes-part fingerprint refuses a held target","1","profile-specific","false","none","@profile-existing-notes","Existing-part target ownership, stale-target policy, input restrictions and template fragments require this bounded notes editor profile.","workflows/pptx/notes.feature; contracts/go-notes-editing.md"
"pptx","workflows/pptx/notes.feature","80","@id-pptx-go-notes-self-closing-fill","Fill a self-closing notes text leaf and read back the result","1","profile-specific","false","none","@profile-existing-notes","Existing-part target ownership, stale-target policy, input restrictions and template fragments require this bounded notes editor profile.","workflows/pptx/notes.feature; contracts/go-notes-editing.md"
"pptx","workflows/pptx/notes.feature","86","@id-pptx-go-notes-edge-space-preserve","Edge-spaced notes text receives xml:space preserve in the notes XML","1","profile-specific","false","none","@profile-existing-notes","Existing-part target ownership, stale-target policy, input restrictions and template fragments require this bounded notes editor profile.","workflows/pptx/notes.feature; contracts/go-notes-editing.md"
"pptx","workflows/pptx/notes.feature","93","@id-pptx-go-notes-multiline-template","A multiline replacement retains boundary empty paragraphs without borrowing later bold","1","profile-specific","false","none","@profile-existing-notes","Existing-part target ownership, stale-target policy, input restrictions and template fragments require this bounded notes editor profile.","workflows/pptx/notes.feature; contracts/go-notes-editing.md"
"pptx","workflows/pptx/notes.feature","102","@id-pptx-go-notes-template-fragments","A two-line replacement repeats only the selected template property fragments","1","profile-specific","false","none","@profile-existing-notes","Existing-part target ownership, stale-target policy, input restrictions and template fragments require this bounded notes editor profile.","workflows/pptx/notes.feature; contracts/go-notes-editing.md"
"pptx","workflows/pptx/notes.feature","108","@id-pptx-manipulation-set-notes","edit existing speaker text","1","generalized","true","none","@profile-retained-manipulation","Concrete immutable input, literal operation/values, independent saved XML readback and exact unrelated-payload custody; implementation planned in every runtime.","workflows/pptx/notes.feature; contracts/pptx-manipulation.md"
"pptx","workflows/pptx/notes.feature","120","@id-pptx-manipulation-notes-readback","multiline notes save/reopen","1","generalized","true","none","@profile-retained-manipulation","Concrete immutable input, literal operation/values, independent saved XML readback and exact unrelated-payload custody; implementation planned in every runtime.","workflows/pptx/notes.feature; contracts/pptx-manipulation.md"
"pptx","workflows/pptx/paragraph-formatting.feature","5","@id-pptx-formatting-paragraph-align","paragraph align preserves direct properties and package custody","1","generalized","true","none","@profile-retained-formatting","Exactretainedinput/directpropertyvalues/lexicalcustody/refusal independent savedchecks; allruntimesplanned.","workflows/pptx/paragraph-formatting.feature; contracts/pptx-formatting.md"
"pptx","workflows/pptx/paragraph-formatting.feature","17","@id-pptx-formatting-paragraph-indent","paragraph indent preserves direct properties and package custody","1","generalized","true","none","@profile-retained-formatting","Exactretainedinput/directpropertyvalues/lexicalcustody/refusal independent savedchecks; allruntimesplanned.","workflows/pptx/paragraph-formatting.feature; contracts/pptx-formatting.md"
"pptx","workflows/pptx/paragraph-formatting.feature","29","@id-pptx-formatting-paragraph-spacing","paragraph spacing preserves direct properties and package custody","1","generalized","true","none","@profile-retained-formatting","Exactretainedinput/directpropertyvalues/lexicalcustody/refusal independent savedchecks; allruntimesplanned.","workflows/pptx/paragraph-formatting.feature; contracts/pptx-formatting.md"
"pptx","workflows/pptx/paragraph-formatting.feature","41","@id-pptx-formatting-paragraph-line","paragraph line preserves direct properties and package custody","1","generalized","true","none","@profile-retained-formatting","Exactretainedinput/directpropertyvalues/lexicalcustody/refusal independent savedchecks; allruntimesplanned.","workflows/pptx/paragraph-formatting.feature; contracts/pptx-formatting.md"
"pptx","workflows/pptx/preservation.feature","8","@id-pptx-bun-open-save-noop","Path and byte inputs retain the original presentation archive","1","generalized","true","none","@profile-archive-noop","Pinned presentation and exact path/byte-input no-edit archive custody can be checked in any runtime.","workflows/pptx/preservation.feature; contracts/bun-pptx.md"
"pptx","workflows/pptx/shape-geometry.feature","5","@id-pptx-formatting-move","move preserves direct properties and package custody","1","generalized","true","none","@profile-retained-formatting","Exactretainedinput/directpropertyvalues/lexicalcustody/refusal independent savedchecks; allruntimesplanned.","workflows/pptx/shape-geometry.feature; contracts/pptx-formatting.md"
"pptx","workflows/pptx/shape-geometry.feature","17","@id-pptx-formatting-resize","resize preserves direct properties and package custody","1","generalized","true","none","@profile-retained-formatting","Exactretainedinput/directpropertyvalues/lexicalcustody/refusal independent savedchecks; allruntimesplanned.","workflows/pptx/shape-geometry.feature; contracts/pptx-formatting.md"
"pptx","workflows/pptx/shape-geometry.feature","29","@id-pptx-formatting-transform","transform preserves direct properties and package custody","1","generalized","true","none","@profile-retained-formatting","Exactretainedinput/directpropertyvalues/lexicalcustody/refusal independent savedchecks; allruntimesplanned.","workflows/pptx/shape-geometry.feature; contracts/pptx-formatting.md"
"pptx","workflows/pptx/shape-geometry.feature","41","@id-pptx-formatting-geometry-refusal","geometry refusal preserves direct properties and package custody","1","generalized","true","none","@profile-retained-formatting","Exactretainedinput/directpropertyvalues/lexicalcustody/refusal independent savedchecks; allruntimesplanned.","workflows/pptx/shape-geometry.feature; contracts/pptx-formatting.md"
"pptx","workflows/pptx/shape-style.feature","8","@id-pptx-retained-shape-solid-fill","pptx shape solid fill changes only its selected direct properties","1","generalized","true","none","@profile-retained-style-word","Project-authoredretainededitcontract;exacttargetdirectvalues/save-reopen/source-bytecustodyandatomicerrors,allconsumersplanned.","workflows/pptx/shape-style.feature; contracts/retained-style-word.md"
"pptx","workflows/pptx/shape-style.feature","21","@id-pptx-retained-shape-no-fill","pptx shape no fill changes only its selected direct properties","1","generalized","true","none","@profile-retained-style-word","Project-authoredretainededitcontract;exacttargetdirectvalues/save-reopen/source-bytecustodyandatomicerrors,allconsumersplanned.","workflows/pptx/shape-style.feature; contracts/retained-style-word.md"
"pptx","workflows/pptx/shape-style.feature","34","@id-pptx-retained-shape-inherit-fill","pptx shape inherit fill changes only its selected direct properties","1","generalized","true","none","@profile-retained-style-word","Project-authoredretainededitcontract;exacttargetdirectvalues/save-reopen/source-bytecustodyandatomicerrors,allconsumersplanned.","workflows/pptx/shape-style.feature; contracts/retained-style-word.md"
"pptx","workflows/pptx/shape-style.feature","47","@id-pptx-retained-line-color","pptx line color changes only its selected direct properties","1","generalized","true","none","@profile-retained-style-word","Project-authoredretainededitcontract;exacttargetdirectvalues/save-reopen/source-bytecustodyandatomicerrors,allconsumersplanned.","workflows/pptx/shape-style.feature; contracts/retained-style-word.md"
"pptx","workflows/pptx/shape-style.feature","60","@id-pptx-retained-line-width","pptx line width changes only its selected direct properties","1","generalized","true","none","@profile-retained-style-word","Project-authoredretainededitcontract;exacttargetdirectvalues/save-reopen/source-bytecustodyandatomicerrors,allconsumersplanned.","workflows/pptx/shape-style.feature; contracts/retained-style-word.md"
"pptx","workflows/pptx/shape-style.feature","73","@id-pptx-retained-line-dash","pptx line dash changes only its selected direct properties","1","generalized","true","none","@profile-retained-style-word","Project-authoredretainededitcontract;exacttargetdirectvalues/save-reopen/source-bytecustodyandatomicerrors,allconsumersplanned.","workflows/pptx/shape-style.feature; contracts/retained-style-word.md"
"pptx","workflows/pptx/shape-style.feature","86","@id-pptx-retained-line-no-fill","pptx line no fill changes only its selected direct properties","1","generalized","true","none","@profile-retained-style-word","Project-authoredretainededitcontract;exacttargetdirectvalues/save-reopen/source-bytecustodyandatomicerrors,allconsumersplanned.","workflows/pptx/shape-style.feature; contracts/retained-style-word.md"
"pptx","workflows/pptx/shape-style.feature","99","@id-pptx-retained-style-refusal","pptx style refusal changes only its selected direct properties","1","generalized","true","none","@profile-retained-style-word","Project-authoredretainededitcontract;exacttargetdirectvalues/save-reopen/source-bytecustodyandatomicerrors,allconsumersplanned.","workflows/pptx/shape-style.feature; contracts/retained-style-word.md"
"pptx","workflows/pptx/slide-import.feature","6","@id-parity-pptx-composition","Slide imports preserve the chosen theme and relationship policy","1","incomplete","false","none","","The reconciliation policy and input presentations are not selected; no complete graph/appearance oracle is specified.","workflows/pptx/slide-import.feature; contracts/native-profiles.md"
"pptx","workflows/pptx/slide-order.feature","8","@id-pptx-slide-permutation","Reorder slides for <kind>","7","incomplete","false","none","","Reverse/rotate/notes and refusal labels lack complete source decks, permutation vectors and exact receipts here.","workflows/pptx/slide-order.feature; contracts/slide-order.md"
"pptx","workflows/pptx/slide-order.feature","24","@id-pptx-slide-permutation-refusal","Refuse unsafe slide order for <kind>","14","incomplete","false","none","","Reverse/rotate/notes and refusal labels lack complete source decks, permutation vectors and exact receipts here.","workflows/pptx/slide-order.feature; contracts/slide-order.md"
"pptx","workflows/pptx/slide-order.feature","46","@id-pptx-manipulation-reorder","relationship-ordered slides","1","generalized","true","none","@profile-retained-manipulation","Concrete immutable input, literal operation/values, independent saved XML readback and exact unrelated-payload custody; implementation planned in every runtime.","workflows/pptx/slide-order.feature; contracts/pptx-manipulation.md"
"pptx","workflows/pptx/slide-order.feature","58","@id-pptx-manipulation-reorder-refusal","invalid permutation atomic refusal","1","generalized","true","none","@profile-retained-manipulation","Concrete immutable input, literal operation/values, independent saved XML readback and exact unrelated-payload custody; implementation planned in every runtime.","workflows/pptx/slide-order.feature; contracts/pptx-manipulation.md"
"pptx","workflows/pptx/slide-visibility.feature","9","@id-pptx-slide-visibility-retained-inputs","Retained four-slide inputs distinguish a namespaced marker from a visible control","1","generalized","true","none","","Sealed source/control identities and explicit namespace-qualified/unqualified visibility predicates are independently reusable.","workflows/pptx/slide-visibility.feature; contracts/pptx-slide-visibility.md"
"pptx","workflows/pptx/slide-visibility.feature","21","@id-pptx-office-hidden-slide-positive","An untouched PowerPoint export confirms hidden slide 3 of four on reopen","1","incomplete","false","none","","Requires a not-yet-acquired untouched PowerPoint positive and version/platform reopen evidence; it is application-dependent, not language-runtime-specific.","workflows/pptx/slide-visibility.feature; contracts/pptx-slide-visibility.md"
"pptx","workflows/pptx/slide-visibility.feature","34","@id-pptx-formatting-hide","hide preserves direct properties and package custody","1","generalized","true","none","@profile-retained-formatting","Exactretainedinput/directpropertyvalues/lexicalcustody/refusal independent savedchecks; allruntimesplanned.","workflows/pptx/slide-visibility.feature; contracts/pptx-formatting.md"
"pptx","workflows/pptx/slide-visibility.feature","46","@id-pptx-formatting-unhide","unhide preserves direct properties and package custody","1","generalized","true","none","@profile-retained-formatting","Exactretainedinput/directpropertyvalues/lexicalcustody/refusal independent savedchecks; allruntimesplanned.","workflows/pptx/slide-visibility.feature; contracts/pptx-formatting.md"
"pptx","workflows/pptx/slide-visibility.feature","58","@id-pptx-formatting-visibility-order","visibility order preserves direct properties and package custody","1","generalized","true","none","@profile-retained-formatting","Exactretainedinput/directpropertyvalues/lexicalcustody/refusal independent savedchecks; allruntimesplanned.","workflows/pptx/slide-visibility.feature; contracts/pptx-formatting.md"
"pptx","workflows/pptx/slide-visibility.feature","70","@id-pptx-formatting-visibility-refusal","visibility refusal preserves direct properties and package custody","1","generalized","true","none","@profile-retained-formatting","Exactretainedinput/directpropertyvalues/lexicalcustody/refusal independent savedchecks; allruntimesplanned.","workflows/pptx/slide-visibility.feature; contracts/pptx-formatting.md"
"pptx","workflows/pptx/tables.feature","7","@id-pptx-table-roundtrip-geometry","Save and reopen an authored table while keeping exact geometry sums","1","incomplete","false","none","","Synthetic table and stale/geometry case labels lack the complete local slide/table recipes and numeric expected results.","workflows/pptx/tables.feature; contracts/native-profiles.md"
"pptx","workflows/pptx/tables.feature","13","@id-pptx-table-formatting","Preserve simple table cell formatting across update and reopen","1","incomplete","false","none","","Synthetic table and stale/geometry case labels lack the complete local slide/table recipes and numeric expected results.","workflows/pptx/tables.feature; contracts/native-profiles.md"
"pptx","workflows/pptx/tables.feature","19","@id-pptx-table-stale-handle","Refuse stale table cell handles atomically after slide mutation","1","incomplete","false","none","","Synthetic table and stale/geometry case labels lack the complete local slide/table recipes and numeric expected results.","workflows/pptx/tables.feature; contracts/native-profiles.md"
"pptx","workflows/pptx/tables.feature","25","@id-pptx-table-atomic-refusals","Refuse unsupported table topology <case> atomically","2","incomplete","false","none","","Synthetic table and stale/geometry case labels lack the complete local slide/table recipes and numeric expected results.","workflows/pptx/tables.feature; contracts/native-profiles.md"
"pptx","workflows/pptx/tables.feature","36","@id-pptx-manipulation-table-values","author exact 3x3 table values","1","generalized","true","none","@profile-retained-manipulation","Concrete immutable input, literal operation/values, independent saved XML readback and exact unrelated-payload custody; implementation planned in every runtime.","workflows/pptx/tables.feature; contracts/pptx-manipulation.md"
"pptx","workflows/pptx/tables.feature","48","@id-pptx-manipulation-table-geometry","EMU geometry and grid sums","1","generalized","true","none","@profile-retained-manipulation","Concrete immutable input, literal operation/values, independent saved XML readback and exact unrelated-payload custody; implementation planned in every runtime.","workflows/pptx/tables.feature; contracts/pptx-manipulation.md"
"pptx","workflows/pptx/text-autofit.feature","5","@id-pptx-manipulation-autofit-shrink","shrink autofit","1","generalized","true","none","@profile-retained-manipulation","Concrete immutable input, literal operation/values, independent saved XML readback and exact unrelated-payload custody; implementation planned in every runtime.","workflows/pptx/text-autofit.feature; contracts/pptx-manipulation.md"
"pptx","workflows/pptx/text-autofit.feature","17","@id-pptx-manipulation-autofit-none","disable autofit","1","generalized","true","none","@profile-retained-manipulation","Concrete immutable input, literal operation/values, independent saved XML readback and exact unrelated-payload custody; implementation planned in every runtime.","workflows/pptx/text-autofit.feature; contracts/pptx-manipulation.md"
"pptx","workflows/pptx/text-autofit.feature","29","@id-pptx-manipulation-autofit-resize","resize shape autofit","1","generalized","true","none","@profile-retained-manipulation","Concrete immutable input, literal operation/values, independent saved XML readback and exact unrelated-payload custody; implementation planned in every runtime.","workflows/pptx/text-autofit.feature; contracts/pptx-manipulation.md"
"pptx","workflows/pptx/text-box.feature","8","@id-pptx-text-box-authoring","Author a text box with <kind>","8","incomplete","false","none","","Plain/multiline/geometry/defect labels lack per-row source decks, actual EMU coordinates, literal text and expected identities.","workflows/pptx/text-box.feature; contracts/text-box.md"
"pptx","workflows/pptx/text-box.feature","25","@id-pptx-text-box-refusal","Refuse unsafe text-box authoring for <kind>","15","incomplete","false","none","","Plain/multiline/geometry/defect labels lack per-row source decks, actual EMU coordinates, literal text and expected identities.","workflows/pptx/text-box.feature; contracts/text-box.md"
"pptx","workflows/pptx/text-formatting.feature","5","@id-pptx-formatting-run-bold","run bold preserves direct properties and package custody","1","generalized","true","none","@profile-retained-formatting","Exactretainedinput/directpropertyvalues/lexicalcustody/refusal independent savedchecks; allruntimesplanned.","workflows/pptx/text-formatting.feature; contracts/pptx-formatting.md"
"pptx","workflows/pptx/text-formatting.feature","17","@id-pptx-formatting-run-unbold","run unbold preserves direct properties and package custody","1","generalized","true","none","@profile-retained-formatting","Exactretainedinput/directpropertyvalues/lexicalcustody/refusal independent savedchecks; allruntimesplanned.","workflows/pptx/text-formatting.feature; contracts/pptx-formatting.md"
"pptx","workflows/pptx/text-formatting.feature","29","@id-pptx-formatting-run-italic","run italic preserves direct properties and package custody","1","generalized","true","none","@profile-retained-formatting","Exactretainedinput/directpropertyvalues/lexicalcustody/refusal independent savedchecks; allruntimesplanned.","workflows/pptx/text-formatting.feature; contracts/pptx-formatting.md"
"pptx","workflows/pptx/text-formatting.feature","41","@id-pptx-formatting-run-underline","run underline preserves direct properties and package custody","1","generalized","true","none","@profile-retained-formatting","Exactretainedinput/directpropertyvalues/lexicalcustody/refusal independent savedchecks; allruntimesplanned.","workflows/pptx/text-formatting.feature; contracts/pptx-formatting.md"
"pptx","workflows/pptx/text-formatting.feature","53","@id-pptx-formatting-run-size","run size preserves direct properties and package custody","1","generalized","true","none","@profile-retained-formatting","Exactretainedinput/directpropertyvalues/lexicalcustody/refusal independent savedchecks; allruntimesplanned.","workflows/pptx/text-formatting.feature; contracts/pptx-formatting.md"
"pptx","workflows/pptx/text-formatting.feature","65","@id-pptx-formatting-run-font","run font preserves direct properties and package custody","1","generalized","true","none","@profile-retained-formatting","Exactretainedinput/directpropertyvalues/lexicalcustody/refusal independent savedchecks; allruntimesplanned.","workflows/pptx/text-formatting.feature; contracts/pptx-formatting.md"
"pptx","workflows/pptx/text-formatting.feature","77","@id-pptx-formatting-run-color","run color preserves direct properties and package custody","1","generalized","true","none","@profile-retained-formatting","Exactretainedinput/directpropertyvalues/lexicalcustody/refusal independent savedchecks; allruntimesplanned.","workflows/pptx/text-formatting.feature; contracts/pptx-formatting.md"
"pptx","workflows/pptx/text-formatting.feature","89","@id-pptx-formatting-run-inherit","run inherit preserves direct properties and package custody","1","generalized","true","none","@profile-retained-formatting","Exactretainedinput/directpropertyvalues/lexicalcustody/refusal independent savedchecks; allruntimesplanned.","workflows/pptx/text-formatting.feature; contracts/pptx-formatting.md"
"pptx","workflows/pptx/text-formatting.feature","104","@id-pptx-retained-run-strike","pptx run strike changes only its selected direct properties","1","generalized","true","none","@profile-retained-style-word","Project-authoredretainededitcontract;exacttargetdirectvalues/save-reopen/source-bytecustodyandatomicerrors,allconsumersplanned.","workflows/pptx/text-formatting.feature; contracts/retained-style-word.md"
"pptx","workflows/pptx/text-formatting.feature","117","@id-pptx-retained-run-caps","pptx run caps changes only its selected direct properties","1","generalized","true","none","@profile-retained-style-word","Project-authoredretainededitcontract;exacttargetdirectvalues/save-reopen/source-bytecustodyandatomicerrors,allconsumersplanned.","workflows/pptx/text-formatting.feature; contracts/retained-style-word.md"
"pptx","workflows/pptx/text-formatting.feature","130","@id-pptx-retained-run-baseline","pptx run baseline changes only its selected direct properties","1","generalized","true","none","@profile-retained-style-word","Project-authoredretainededitcontract;exacttargetdirectvalues/save-reopen/source-bytecustodyandatomicerrors,allconsumersplanned.","workflows/pptx/text-formatting.feature; contracts/retained-style-word.md"
"pptx","workflows/pptx/text-formatting.feature","143","@id-pptx-retained-run-tracking","pptx run tracking changes only its selected direct properties","1","generalized","true","none","@profile-retained-style-word","Project-authoredretainededitcontract;exacttargetdirectvalues/save-reopen/source-bytecustodyandatomicerrors,allconsumersplanned.","workflows/pptx/text-formatting.feature; contracts/retained-style-word.md"
"pptx","workflows/pptx/text-frame-properties.feature","8","@id-pptx-retained-body-anchor","pptx body anchor changes only its selected direct properties","1","generalized","true","none","@profile-retained-style-word","Project-authoredretainededitcontract;exacttargetdirectvalues/save-reopen/source-bytecustodyandatomicerrors,allconsumersplanned.","workflows/pptx/text-frame-properties.feature; contracts/retained-style-word.md"
"pptx","workflows/pptx/text-frame-properties.feature","21","@id-pptx-retained-body-direction","pptx body direction changes only its selected direct properties","1","generalized","true","none","@profile-retained-style-word","Project-authoredretainededitcontract;exacttargetdirectvalues/save-reopen/source-bytecustodyandatomicerrors,allconsumersplanned.","workflows/pptx/text-frame-properties.feature; contracts/retained-style-word.md"
"pptx","workflows/pptx/text-frame-properties.feature","34","@id-pptx-retained-body-wrap","pptx body wrap changes only its selected direct properties","1","generalized","true","none","@profile-retained-style-word","Project-authoredretainededitcontract;exacttargetdirectvalues/save-reopen/source-bytecustodyandatomicerrors,allconsumersplanned.","workflows/pptx/text-frame-properties.feature; contracts/retained-style-word.md"
"pptx","workflows/pptx/text-frame-properties.feature","47","@id-pptx-retained-body-insets","pptx body insets changes only its selected direct properties","1","generalized","true","none","@profile-retained-style-word","Project-authoredretainededitcontract;exacttargetdirectvalues/save-reopen/source-bytecustodyandatomicerrors,allconsumersplanned.","workflows/pptx/text-frame-properties.feature; contracts/retained-style-word.md"
"pptx","workflows/pptx/text-frame-properties.feature","60","@id-pptx-retained-body-anchor-center","pptx body anchor center changes only its selected direct properties","1","generalized","true","none","@profile-retained-style-word","Project-authoredretainededitcontract;exacttargetdirectvalues/save-reopen/source-bytecustodyandatomicerrors,allconsumersplanned.","workflows/pptx/text-frame-properties.feature; contracts/retained-style-word.md"
"pptx","workflows/pptx/text-frame-properties.feature","73","@id-pptx-retained-body-rotation","pptx body rotation changes only its selected direct properties","1","generalized","true","none","@profile-retained-style-word","Project-authoredretainededitcontract;exacttargetdirectvalues/save-reopen/source-bytecustodyandatomicerrors,allconsumersplanned.","workflows/pptx/text-frame-properties.feature; contracts/retained-style-word.md"
"pptx","workflows/pptx/text-frame-properties.feature","86","@id-pptx-retained-body-columns","pptx body columns changes only its selected direct properties","1","generalized","true","none","@profile-retained-style-word","Project-authoredretainededitcontract;exacttargetdirectvalues/save-reopen/source-bytecustodyandatomicerrors,allconsumersplanned.","workflows/pptx/text-frame-properties.feature; contracts/retained-style-word.md"
"pptx","workflows/pptx/text-frame-properties.feature","99","@id-pptx-retained-body-rtl-columns","pptx body rtl columns changes only its selected direct properties","1","generalized","true","none","@profile-retained-style-word","Project-authoredretainededitcontract;exacttargetdirectvalues/save-reopen/source-bytecustodyandatomicerrors,allconsumersplanned.","workflows/pptx/text-frame-properties.feature; contracts/retained-style-word.md"
"pptx","workflows/pptx/text.feature","9","@id-pptx-readable-unsupported-topology","Read line breaks and field text faithfully but refuse editing that topology","1","incomplete","false","none","","Synthetic slide, text-anchor and unsupported topology labels need explicit source XML and expected strings before independent reuse.","workflows/pptx/text.feature; contracts/native-profiles.md"
"pptx","workflows/pptx/text.feature","15","@id-pptx-cross-run-replace","Replace exact anchored text across runs and preserve unrelated members after reopen","1","incomplete","false","none","","Synthetic slide, text-anchor and unsupported topology labels need explicit source XML and expected strings before independent reuse.","workflows/pptx/text.feature; contracts/native-profiles.md"
"pptx","workflows/pptx/text.feature","21","@id-pptx-stale-anchor-refusal","Refuse a stale anchored replacement without mutation","1","incomplete","false","none","","Synthetic slide, text-anchor and unsupported topology labels need explicit source XML and expected strings before independent reuse.","workflows/pptx/text.feature; contracts/native-profiles.md"
"pptx","workflows/pptx/text.feature","30","@id-pptx-manipulation-patch-title","title replacement","1","generalized","true","none","@profile-retained-manipulation","Concrete immutable input, literal operation/values, independent saved XML readback and exact unrelated-payload custody; implementation planned in every runtime.","workflows/pptx/text.feature; contracts/pptx-manipulation.md"
"pptx","workflows/pptx/text.feature","42","@id-pptx-manipulation-patch-body","body replacement","1","generalized","true","none","@profile-retained-manipulation","Concrete immutable input, literal operation/values, independent saved XML readback and exact unrelated-payload custody; implementation planned in every runtime.","workflows/pptx/text.feature; contracts/pptx-manipulation.md"
"pptx","workflows/pptx/text.feature","54","@id-pptx-manipulation-patch-subtitle","subtitle replacement","1","generalized","true","none","@profile-retained-manipulation","Concrete immutable input, literal operation/values, independent saved XML readback and exact unrelated-payload custody; implementation planned in every runtime.","workflows/pptx/text.feature; contracts/pptx-manipulation.md"
"pptx","workflows/pptx/text.feature","66","@id-pptx-manipulation-append-title","append title text","1","generalized","true","none","@profile-retained-manipulation","Concrete immutable input, literal operation/values, independent saved XML readback and exact unrelated-payload custody; implementation planned in every runtime.","workflows/pptx/text.feature; contracts/pptx-manipulation.md"
"xlsx","workflows/xlsx/cache-completeness.feature","6","@id-xlsx-derived-cache-completeness","Broader spreadsheet caches require range and relationship awareness","1","incomplete","false","none","","Broad freshness obligation leaves supported dependencies, input package and exact invalidated/recalculated results unspecified.","workflows/xlsx/cache-completeness.feature; contracts/native-profiles.md"
"xlsx","workflows/xlsx/calculation-chain-lifecycle.feature","7","@id-xlsx-owned-calculation-chain-invalidation","Changing a precedent removes its owned nonstandard chain and invalidates dependent caches","1","generalized","true","none","","Two-sheet literal formulas/caches, owned chain path and exact removal/dependency/custody outcomes define a portable constructed test.","workflows/xlsx/calculation-chain-lifecycle.feature; contracts/package-profiles.md"
"xlsx","workflows/xlsx/calculation-engine.feature","6","@id-parity-native-oracle","Native calculation replaces the external Office subprocess","1","incomplete","false","none","","The frozen workbook, supported calculation contract, expected values/errors and exclusion corpus are not supplied by this scenario.","workflows/xlsx/calculation-engine.feature; contracts/native-profiles.md"
"xlsx","workflows/xlsx/cell-style.feature","9","@id-xlsx-style-dependency-closure","A multiline cell edit includes its required style definition","1","generalized","true","none","","Mutation fixture contract supplies the exact source, multiline value, style bounds, graph closure and custody assertions.","workflows/xlsx/cell-style.feature; contracts/cell-style.md"
"xlsx","workflows/xlsx/cell-style.feature","30","@id-xlsx-cell-style-selection","Select a cell style for <kind>","9","incomplete","false","none","","Style-selection kind labels lack exact source cellXfs and selected indexes/expected per-row receipts here.","workflows/xlsx/cell-style.feature; contracts/cell-style.md"
"xlsx","workflows/xlsx/cell-style.feature","48","@id-xlsx-cell-style-refusal","Refuse unsafe cell-style selection for <kind>","18","incomplete","false","none","","Style-selection kind labels lack exact source cellXfs and selected indexes/expected per-row receipts here.","workflows/xlsx/cell-style.feature; contracts/cell-style.md"
"xlsx","workflows/xlsx/cells.feature","9","@id-xlsx-read-rel-linked-shared-strings","Read rel-linked shared strings, numbers, booleans and cached formulas across worksheets","1","incomplete","false","none","","Synthetic workbook labels omit exact worksheet/relationship/formula inputs and expected values; some fixture-based rows are classified separately.","workflows/xlsx/cells.feature; contracts/native-profiles.md"
"xlsx","workflows/xlsx/cells.feature","16","@id-xlsx-preserve-styled-cell-edit","Edit a styled existing cell without disturbing unrelated package parts","1","generalized","true","none","","The shared formatting fixture, literal A2 replacement and reopened style/unrelated-member custody define a bounded portable edit.","workflows/xlsx/cells.feature; contracts/native-profiles.md"
"xlsx","workflows/xlsx/cells.feature","23","@id-xlsx-prefixed-namespace-safe-edits","Edit prefixed workbook and worksheet parts without creating unqualified spreadsheet nodes","1","incomplete","false","none","","Synthetic workbook labels omit exact worksheet/relationship/formula inputs and expected values; some fixture-based rows are classified separately.","workflows/xlsx/cells.feature; contracts/native-profiles.md"
"xlsx","workflows/xlsx/cells.feature","29","@id-xlsx-phonetic-guides-excluded","Read rich strings while excluding phonetic guides","1","incomplete","false","none","","Synthetic workbook labels omit exact worksheet/relationship/formula inputs and expected values; some fixture-based rows are classified separately.","workflows/xlsx/cells.feature; contracts/native-profiles.md"
"xlsx","workflows/xlsx/cells.feature","35","@id-xlsx-styled-blank-cell-editable","Read and edit a styled blank cell without losing its style","1","incomplete","false","none","","Synthetic workbook labels omit exact worksheet/relationship/formula inputs and expected values; some fixture-based rows are classified separately.","workflows/xlsx/cells.feature; contracts/native-profiles.md"
"xlsx","workflows/xlsx/cells.feature","42","@id-xlsx-refuse-shared-formula-overwrite","Refuse destructive edits to an unsupported shared formula without mutating the workbook","1","incomplete","false","none","","Synthetic workbook labels omit exact worksheet/relationship/formula inputs and expected values; some fixture-based rows are classified separately.","workflows/xlsx/cells.feature; contracts/native-profiles.md"
"xlsx","workflows/xlsx/cells.feature","49","@id-xlsx-refuse-array-formula-overwrite","Refuse destructive edits to an unsupported array formula without mutating the workbook","1","incomplete","false","none","","Synthetic workbook labels omit exact worksheet/relationship/formula inputs and expected values; some fixture-based rows are classified separately.","workflows/xlsx/cells.feature; contracts/native-profiles.md"
"xlsx","workflows/xlsx/comment-vml-custody.feature","9","@id-xlsx-comment-vml-existing-graph","Inspect the two separate existing comment and VML drawing relationships","1","generalized","true","none","","Pinned fixture, exact part paths, relationship types and comment text define runtime-neutral graph observations.","workflows/xlsx/comment-vml-custody.feature; contracts/python-xlsx-dependencies.md"
"xlsx","workflows/xlsx/comment-vml-custody.feature","19","@id-xlsx-comment-vml-disjoint-row-shift","A preservation row editor retains comment VML bytes after a disjoint insertion","1","profile-specific","false","none","@profile-preservation-row-editor","Concrete relationship/VML observations are portable, but preservation-row and limited-number editors deliberately require different admission policies. These are bounded predicates: the control/unknown-shape refusals do not assert full byte custody.","workflows/xlsx/comment-vml-custody.feature; contracts/python-xlsx-dependencies.md"
"xlsx","workflows/xlsx/comment-vml-custody.feature","27","@id-xlsx-comment-vml-affected-row-refusal","A preservation row editor refuses a shift that would affect a commented cell","1","profile-specific","false","none","@profile-preservation-row-editor","Concrete relationship/VML observations are portable, but preservation-row and limited-number editors deliberately require different admission policies. These are bounded predicates: the control/unknown-shape refusals do not assert full byte custody.","workflows/xlsx/comment-vml-custody.feature; contracts/python-xlsx-dependencies.md"
"xlsx","workflows/xlsx/comment-vml-custody.feature","35","@id-xlsx-comment-vml-control-shape-refusal","A preservation row editor refuses a disjoint shift with a non-comment VML control","1","profile-specific","false","none","@profile-preservation-row-editor","Concrete relationship/VML observations are portable, but preservation-row and limited-number editors deliberately require different admission policies. These are bounded predicates: the control/unknown-shape refusals do not assert full byte custody.","workflows/xlsx/comment-vml-custody.feature; contracts/python-xlsx-dependencies.md"
"xlsx","workflows/xlsx/comment-vml-custody.feature","42","@id-xlsx-comment-vml-unknown-shape-refusal","A preservation row editor refuses a disjoint shift with an unknown VML shape","1","profile-specific","false","none","@profile-preservation-row-editor","Concrete relationship/VML observations are portable, but preservation-row and limited-number editors deliberately require different admission policies. These are bounded predicates: the control/unknown-shape refusals do not assert full byte custody.","workflows/xlsx/comment-vml-custody.feature; contracts/python-xlsx-dependencies.md"
"xlsx","workflows/xlsx/comment-vml-custody.feature","49","@id-xlsx-comment-vml-limited-editor-refusal","A limited numeric editor refuses a comment VML dependency before replacement","1","profile-specific","false","none","@profile-limited-number-editor","Concrete relationship/VML observations are portable, but preservation-row and limited-number editors deliberately require different admission policies. These are bounded predicates: the control/unknown-shape refusals do not assert full byte custody.","workflows/xlsx/comment-vml-custody.feature; contracts/python-xlsx-dependencies.md"
"xlsx","workflows/xlsx/creation.feature","7","@id-xlsx-create-native-default","Create a minimal native workbook and reopen saved values","1","generalized","true","none","","Literal worksheet/cell operations and saved package/value predicates can be reused within the stated minimal authoring scope.","workflows/xlsx/creation.feature; contracts/native-profiles.md"
"xlsx","workflows/xlsx/creation.feature","15","@id-xlsx-create-add-worksheet","Add worksheets with independent ids and reopen them","1","generalized","true","none","","Literal worksheet/cell operations and saved package/value predicates can be reused within the stated minimal authoring scope.","workflows/xlsx/creation.feature; contracts/native-profiles.md"
"xlsx","workflows/xlsx/creation.feature","22","@id-xlsx-create-prefixed-missing-cell","Extend a prefixed worksheet with a missing cell without unqualified spreadsheet nodes","1","incomplete","false","none","","The prefixed source is synthetic and lacks exact workbook/worksheet namespace XML in this repository.","workflows/xlsx/creation.feature; contracts/native-profiles.md"
"xlsx","workflows/xlsx/creation.feature","29","@id-xlsx-create-coordinate-boundary","Write the maximum worksheet coordinate","1","generalized","true","none","","Literal worksheet/cell operations and saved package/value predicates can be reused within the stated minimal authoring scope.","workflows/xlsx/creation.feature; contracts/native-profiles.md"
"xlsx","workflows/xlsx/creation.feature","36","@id-xlsx-create-row-ordering","Missing rows and cells are inserted in numeric order","1","generalized","true","none","","Literal worksheet/cell operations and saved package/value predicates can be reused within the stated minimal authoring scope.","workflows/xlsx/creation.feature; contracts/native-profiles.md"
"xlsx","workflows/xlsx/creation.feature","43","@id-xlsx-create-invalid-params-atomic","Invalid coordinates and sheet names refuse before mutation","1","incomplete","false","none","","Invalid coordinates and names are not enumerated, so independent bindings could test different refusal sets.","workflows/xlsx/creation.feature; contracts/native-profiles.md"
"xlsx","workflows/xlsx/creation.feature","50","@id-xlsx-create-existing-fixture-append","Append a missing cell to an existing worksheet without disturbing unrelated parts","1","generalized","true","none","","Literal worksheet/cell operations and saved package/value predicates can be reused within the stated minimal authoring scope.","workflows/xlsx/creation.feature; contracts/native-profiles.md"
"xlsx","workflows/xlsx/formula-cache.feature","9","@id-xlsx-cross-sheet-cache-invalidation","An input edit invalidates a cached answer on another sheet","1","generalized","true","none","","Manifest-backed source plus literal input/formula/cached values and destination policy define portable stale-cache invalidation.","workflows/xlsx/formula-cache.feature; contracts/mutation-safety.json"
"xlsx","workflows/xlsx/formula-cache.feature","32","@id-xlsx-clear-cross-sheet-caches","Editing an input cell clears formula caches across worksheets and enables recalculation","1","incomplete","false","none","","Most synthetic topology/cache labels lack local construction and per-member expected outcomes; the manifest-backed mutation row is separate.","workflows/xlsx/formula-cache.feature; contracts/mutation-safety.json"
"xlsx","workflows/xlsx/formula-cache.feature","43","@id-xlsx-array-input-refusal","A <topology> formula prevents unsafe input edits","2","incomplete","false","none","","Most synthetic topology/cache labels lack local construction and per-member expected outcomes; the manifest-backed mutation row is separate.","workflows/xlsx/formula-cache.feature; contracts/mutation-safety.json"
"xlsx","workflows/xlsx/formula-cache.feature","54","@id-xlsx-cache-scope-opaque-parts","Worksheet invalidation preserves opaque chart and external-link caches without refreshing them","1","incomplete","false","none","","Most synthetic topology/cache labels lack local construction and per-member expected outcomes; the manifest-backed mutation row is separate.","workflows/xlsx/formula-cache.feature; contracts/mutation-safety.json"
"xlsx","workflows/xlsx/formula-references.feature","10","@id-xlsx-go-formula-analysis-counts","Count static references in <variant> without treating strings as references","6","profile-specific","false","none","@profile-static-reference-api","UTF-8 byte spans, zero absent axes, exact rewrite strings and bounded formula grammar require the static-reference API.","workflows/xlsx/formula-references.feature; contracts/go-formula-references.md"
"xlsx","workflows/xlsx/formula-references.feature","25","@id-xlsx-go-formula-quoted-sheet-flags","Decode a quoted sheet and independent absolute reference flags","1","profile-specific","false","none","@profile-static-reference-api","UTF-8 byte spans, zero absent axes, exact rewrite strings and bounded formula grammar require the static-reference API.","workflows/xlsx/formula-references.feature; contracts/go-formula-references.md"
"xlsx","workflows/xlsx/formula-references.feature","33","@id-xlsx-go-formula-analysis-refusal","Refuse unsupported static formula syntax <variant> without partial references","7","profile-specific","false","none","@profile-static-reference-api","UTF-8 byte spans, zero absent axes, exact rewrite strings and bounded formula grammar require the static-reference API.","workflows/xlsx/formula-references.feature; contracts/go-formula-references.md"
"xlsx","workflows/xlsx/formula-references.feature","48","@id-xlsx-go-formula-literal-punctuation","<variant> string punctuation has a bounded parse outcome","5","profile-specific","false","none","@profile-static-reference-api","UTF-8 byte spans, zero absent axes, exact rewrite strings and bounded formula grammar require the static-reference API.","workflows/xlsx/formula-references.feature; contracts/go-formula-references.md"
"xlsx","workflows/xlsx/formula-references.feature","61","@id-xlsx-go-direct-range-parsing","A <variant> direct range yields bounded axis and first coordinate","6","profile-specific","false","none","@profile-static-reference-api","UTF-8 byte spans, zero absent axes, exact rewrite strings and bounded formula grammar require the static-reference API.","workflows/xlsx/formula-references.feature; contracts/go-formula-references.md"
"xlsx","workflows/xlsx/formula-references.feature","76","@id-xlsx-go-direct-range-refusal","A <variant> input is not a direct range in this profile","7","profile-specific","false","none","@profile-static-reference-api","UTF-8 byte spans, zero absent axes, exact rewrite strings and bounded formula grammar require the static-reference API.","workflows/xlsx/formula-references.feature; contracts/go-formula-references.md"
"xlsx","workflows/xlsx/formula-references.feature","91","@id-xlsx-go-static-remap-exact","Inserting a <axis> at <at> by <count> rewrites only supported references","5","profile-specific","false","none","@profile-static-reference-api","UTF-8 byte spans, zero absent axes, exact rewrite strings and bounded formula grammar require the static-reference API.","workflows/xlsx/formula-references.feature; contracts/go-formula-references.md"
"xlsx","workflows/xlsx/formula-references.feature","104","@id-xlsx-go-static-remap-refusal","A <variant> insertion refuses without a partial replacement","7","profile-specific","false","none","@profile-static-reference-api","UTF-8 byte spans, zero absent axes, exact rewrite strings and bounded formula grammar require the static-reference API.","workflows/xlsx/formula-references.feature; contracts/go-formula-references.md"
"xlsx","workflows/xlsx/formula-references.feature","119","@id-xlsx-go-static-reference-properties","Static reference slices and unaffected remaps remain stable in a finite expression matrix","1","profile-specific","false","none","@profile-static-reference-api","UTF-8 byte spans, zero absent axes, exact rewrite strings and bounded formula grammar require the static-reference API.","workflows/xlsx/formula-references.feature; contracts/go-formula-references.md"
"xlsx","workflows/xlsx/mutation-safety.feature","9","@id-xlsx-dry-run-no-mutation","Previewing a cell edit with <destination> leaves files unchanged","3","generalized","true","none","","Manifest-backed source and mutation contract fix exact changed members and destination/refusal custody.","workflows/xlsx/mutation-safety.feature; contracts/mutation-safety.json"
"xlsx","workflows/xlsx/mutation-safety.feature","26","@id-xlsx-strict-batch-atomicity","A missing worksheet prevents the strict batch with <destination>","3","generalized","true","none","","Manifest-backed source and mutation contract fix exact changed members and destination/refusal custody.","workflows/xlsx/mutation-safety.feature; contracts/mutation-safety.json"
"xlsx","workflows/xlsx/structural-edits.feature","6","@id-parity-xlsx-structure","Structural spreadsheet edits rewrite all supported references","1","incomplete","false","none","","Structural operation, range coordinates, input formula/name/chart corpus and exact remapped outputs are not enumerated.","workflows/xlsx/structural-edits.feature; contracts/native-profiles.md"
"xlsx","workflows/xlsx/style-readback.feature","6","@id-office-xlsx-independent-style-reader","An independent reader accepts every referenced cell style","1","incomplete","false","none","","Independent-reader obligation lacks a particular saved workbook/style recipe and exact edited-cell expected value.","workflows/xlsx/style-readback.feature; contracts/native-profiles.md"
"package","workflows/package/admission-limit-configuration.feature","11","@id-package-admission-negative-budget","A negative <budget> budget refuses before package intake","2","generalized","true","none","","Negative caller budgets, zero control and pre-intake/caller-byte custody define a portable configuration refusal.","workflows/package/admission-limit-configuration.feature; contracts/package-profiles.md"
"package","workflows/package/data-descriptor-integrity.feature","9","@id-zip-unsigned-descriptor-signature-collision","Unsigned descriptor geometry cannot excuse a corrupted payload","1","generalized","true","none","","Exact descriptor geometry and CRC collision with valid/corrupt controls define a reusable ZIP integrity check.","workflows/package/data-descriptor-integrity.feature; contracts/package-profiles.md"
"package","workflows/package/graph.feature","8","@id-opc-add-related-part","Add an opaque part with an exact content type and relationship","1","generalized","true","none","","Concrete fixture/recipe or valid Type-bearing comparison operands; exact payload/order/MIME/relationship/refusal and source-custody predicates are reusable, with fresh native production evidence required.","workflows/package/graph.feature; contracts/package-alignment.md"
"package","workflows/package/graph.feature","15","@id-opc-graph-rollback","A referenced part cannot be removed alone","1","generalized","true","none","","Concrete fixture/recipe or valid Type-bearing comparison operands; exact payload/order/MIME/relationship/refusal and source-custody predicates are reusable, with fresh native production evidence required.","workflows/package/graph.feature; contracts/package-alignment.md"
"package","workflows/package/graph.feature","22","@id-opc-remove-related-part","Explicitly detach then remove an opaque part","1","generalized","true","none","","Concrete fixture/recipe or valid Type-bearing comparison operands; exact payload/order/MIME/relationship/refusal and source-custody predicates are reusable, with fresh native production evidence required.","workflows/package/graph.feature; contracts/package-alignment.md"
"package","workflows/package/graph.feature","29","@id-opc-diff-content-type","A type-only change appears in the package diff","1","generalized","true","none","","Concrete fixture/recipe or valid Type-bearing comparison operands; exact payload/order/MIME/relationship/refusal and source-custody predicates are reusable, with fresh native production evidence required.","workflows/package/graph.feature; contracts/package-alignment.md"
"package","workflows/package/preservation.feature","8","@id-opc-package-corpus-noop","Opening and reopening the fixture corpora without edits preserves whole archives","1","generalized","true","none","","Package-level no-op/rollback/custody outcomes do not depend on source-corpus runtime names.","workflows/package/preservation.feature; contracts/bun-opc-custody.md"
"package","workflows/package/preservation.feature","15","@id-opc-package-transaction-rollback","A failed transactional edit rolls back every changed part","1","generalized","true","none","","Concrete fixture/recipe or valid Type-bearing comparison operands; exact payload/order/MIME/relationship/refusal and source-custody predicates are reusable, with fresh native production evidence required.","workflows/package/preservation.feature; contracts/package-alignment.md"
"package","workflows/package/preservation.feature","22","@id-opc-package-preserve-unrelated","Changing one part preserves unrelated payload after reopen","1","generalized","true","none","","Concrete fixture/recipe or valid Type-bearing comparison operands; exact payload/order/MIME/relationship/refusal and source-custody predicates are reusable, with fresh native production evidence required.","workflows/package/preservation.feature; contracts/package-alignment.md"
"package","workflows/package/preservation.feature","47","@id-bun-opc-open-refusal","Reject <variant> with its structured validation reason","5","generalized","true","none","@profile-package-refusal-reasons","Concrete archive/envelope mutations, structured reason-specific refusals and exact caller/destination custody replace exception identity and diagnostic wording; native semantic limit mappings are explicit.","workflows/package/preservation.feature; contracts/bun-opc-custody.md"
"package","workflows/package/preservation.feature","61","@id-bun-opc-detached-byte-copies","Caller and returned byte arrays cannot modify an opened package","1","generalized","true","none","@profile-opc-byte-custody","Package-level no-op/rollback/custody outcomes do not depend on source-corpus runtime names.","workflows/package/preservation.feature; contracts/bun-opc-custody.md"
"package","workflows/package/preservation.feature","69","@id-bun-opc-preserve-utf16le-edit","Writing edited text preserves the original UTF-16 encoding","1","generalized","true","none","@profile-opc-byte-custody","Package-level no-op/rollback/custody outcomes do not depend on source-corpus runtime names.","workflows/package/preservation.feature; contracts/bun-opc-custody.md"
"package","workflows/package/preservation.feature","77","@id-bun-opc-async-transaction-refusal","Deferred transactions refuse before invoking the edit callback","1","generalized","true","none","@profile-portable-transactions","Explicit deferred-mode pre-body refusal, immediate opaque-token identity/non-evaluation, and archive/readback custody are native-language-neutral; runtime async protocols remain supplemental safeguards.","workflows/package/preservation.feature; contracts/bun-opc-custody.md"
"package","workflows/package/preservation.feature","85","@id-bun-opc-thenable-transaction-result","An immediate transaction returns its opaque token without evaluating it","1","generalized","true","none","@profile-portable-transactions","Explicit deferred-mode pre-body refusal, immediate opaque-token identity/non-evaluation, and archive/readback custody are native-language-neutral; runtime async protocols remain supplemental safeguards.","workflows/package/preservation.feature; contracts/bun-opc-custody.md"
"package","workflows/package/preservation.feature","93","@id-bun-opc-save-invalid-target-custody","A failed validation leaves an existing output file untouched","1","generalized","true","none","@profile-package-refusal-reasons","Concrete archive/envelope mutations, structured reason-specific refusals and exact caller/destination custody replace exception identity and diagnostic wording; native semantic limit mappings are explicit.","workflows/package/preservation.feature; contracts/bun-opc-custody.md"
"package","workflows/package/preservation.feature","102","@id-bun-opc-symlink-destination-refusal","A symlink destination is refused without changing its target","1","generalized","true","none","@profile-package-refusal-reasons","Concrete archive/envelope mutations, structured reason-specific refusals and exact caller/destination custody replace exception identity and diagnostic wording; native semantic limit mappings are explicit.","workflows/package/preservation.feature; contracts/bun-opc-custody.md"
"package","workflows/package/relationship-namespaces.feature","7","@id-office-relationship-prefix-alias","A valid alternate relationship prefix survives <format> editing","2","generalized","true","none","","Concrete fixture/recipe or valid Type-bearing comparison operands; exact payload/order/MIME/relationship/refusal and source-custody predicates are reusable, with fresh native production evidence required.","workflows/package/relationship-namespaces.feature; contracts/package-alignment.md"
"package","workflows/package/relationship-namespaces.feature","18","@id-office-relationship-wrong-uri","A relationship attribute in the wrong namespace refuses for <format>","2","generalized","true","none","","Concrete fixture/recipe or valid Type-bearing comparison operands; exact payload/order/MIME/relationship/refusal and source-custody predicates are reusable, with fresh native production evidence required.","workflows/package/relationship-namespaces.feature; contracts/package-alignment.md"
"package","workflows/package/semantic-diff.feature","7","@id-package-diff-equivalent-xml-and-binary-changes","Prefix-only XML changes are reported separately from binary changes","1","profile-specific","false","none","","Concrete ZIP operands are reusable, but equivalent_xml/changed/added/removed response lists and comparison policy form a particular diff API.","workflows/package/semantic-diff.feature; contracts/package-profiles.md"
"package","workflows/package/xml-member-admission.feature","7","@id-package-admission-unsafe-xml-members","XML member admission refuses <variant>","3","generalized","true","none","","Literal UTF-8/UTF-16LE DTD/entity operands and required admission refusal are reusable security-policy tests.","workflows/package/xml-member-admission.feature; contracts/package-profiles.md"
"package","workflows/package/zip-admission.feature","7","@id-package-admission-unsafe-members","ZIP admission refuses <variant>","5","generalized","true","none","","Explicit member pairs, compression methods and physical-overlap fixture make admission predicates reusable.","workflows/package/zip-admission.feature; contracts/package-profiles.md"
"package","workflows/package/zip-admission.feature","21","@id-package-admission-resource-limits","ZIP admission refuses the package with <limit> set to <value>","4","profile-specific","false","none","","Concrete compressed operand uses exact max_members/max_member_bytes/max_total_bytes/max_ratio keys and zero-means-zero policy; native API mappings must preserve those semantics.","workflows/package/zip-admission.feature; contracts/package-profiles.md"
"package","workflows/package/zip-admission.feature","34","@id-package-admission-unsupported-compression","ZIP admission refuses BZIP2 member compression","1","generalized","true","none","","Explicit member pairs, compression methods and physical-overlap fixture make admission predicates reusable.","workflows/package/zip-admission.feature; contracts/package-profiles.md"
"package","workflows/package/zip-admission.feature","41","@id-zip-physical-member-overlap-refusal","Individually readable CRC-valid stored members refuse overlapping physical ranges","1","generalized","true","none","@profile-physical-member-extents","Explicit member pairs, compression methods and physical-overlap fixture make admission predicates reusable.","workflows/package/zip-admission.feature; contracts/package-profiles.md"
"package","workflows/package/zip32.feature","8","@id-zip-read-valid","Read a valid ZIP32 archive with stored, deflated, and directory entries","1","generalized","true","none","","Concrete fixture/recipe or valid Type-bearing comparison operands; exact payload/order/MIME/relationship/refusal and source-custody predicates are reusable, with fresh native production evidence required.","workflows/package/zip32.feature; contracts/package-alignment.md"
"package","workflows/package/zip32.feature","22","@id-zip-refuse-unsafe","Refuse ambiguous or unsafe ZIP structure","1","generalized","true","none","","Concrete fixture/recipe or valid Type-bearing comparison operands; exact payload/order/MIME/relationship/refusal and source-custody predicates are reusable, with fresh native production evidence required.","workflows/package/zip32.feature; contracts/package-alignment.md"
"package","workflows/package/zip32.feature","34","@id-zip-bounds","Refuse archives that exceed configured bounds before expansion","1","generalized","true","none","","Concrete fixture/recipe or valid Type-bearing comparison operands; exact payload/order/MIME/relationship/refusal and source-custody predicates are reusable, with fresh native production evidence required.","workflows/package/zip32.feature; contracts/package-alignment.md"
"package","workflows/package/zip32.feature","43","@id-zip-write-deterministic","Write deterministic UTF-8 ZIP32 output","1","profile-specific","false","none","","Explicit ordered entries and mixed Store/Deflate deterministic ZIP32 policy; byte-equality is the repeated-write API predicate, not a generated golden hash. Requires deliberate native profile adoption.","workflows/package/zip32.feature; contracts/package-alignment.md"
"package","workflows/package/zip32.feature","60","@id-zip-crc32-standard-vector","CRC32 matches the standard check value","1","generalized","true","none","","ZIP format operations, deterministic output, CRC and custody predicates are language-independent; missing vectors are separately flagged.","workflows/package/zip32.feature; contracts/bun-zip32-profile.md"
"package","workflows/package/zip32.feature","66","@id-bun-zip32-reader-refusal","Refuse <variant> with its structured ZIP32 reason","12","generalized","true","none","@profile-zip32-refusal-reasons","Concrete archive/envelope mutations, structured reason-specific refusals and exact caller/destination custody replace exception identity and diagnostic wording; native semantic limit mappings are explicit.","workflows/package/zip32.feature; contracts/bun-zip32-profile.md"
"package","workflows/package/zip32.feature","88","@id-bun-zip32-writer-refusal","Refuse <variant> before returning an archive","2","generalized","true","none","@profile-zip32-refusal-reasons","Concrete archive/envelope mutations, structured reason-specific refusals and exact caller/destination custody replace exception identity and diagnostic wording; native semantic limit mappings are explicit.","workflows/package/zip32.feature; contracts/bun-zip32-profile.md"
"package","workflows/package/zip32.feature","99","@id-bun-zip32-configured-bounds","Refuse the configured <limit> threshold","5","generalized","true","none","@profile-zip32-refusal-reasons","Concrete archive/envelope mutations, structured reason-specific refusals and exact caller/destination custody replace exception identity and diagnostic wording; native semantic limit mappings are explicit.","workflows/package/zip32.feature; contracts/bun-zip32-profile.md"
"package","workflows/package/zip64.feature","10","@id-parity-zip64","A small forced ZIP64 package preserves all member payloads","1","incomplete","false","none","","Forced-ZIP64 operation lacks concrete member names/content and changed payload; no independent source recipe is selected.","workflows/package/zip64.feature; contracts/package-profiles.md"
"package","workflows/package/zip64.feature","17","@id-zip64-preflight-count","An impossible ZIP64 entry count refuses before allocation","1","profile-specific","false","none","@profile-zip64-error-codes","Exact zip-* codes and selected safe-integer/resource policies require explicit ZIP64 compatibility adoption.","workflows/package/zip64.feature; contracts/package-profiles.md"
"package","workflows/package/zip64.feature","23","@id-zip64-unsafe-offset","An unrepresentable ZIP64 offset refuses without precision loss","1","profile-specific","false","none","@profile-zip64-error-codes","Safe integer range is a JavaScript-derived compatibility cap, not a ZIP64 limit; another runtime can adopt it only as a declared profile.","workflows/package/zip64.feature; contracts/package-profiles.md"
"package","workflows/package/zip64.feature","29","@id-zip64-resource-limit","Caller entry limits still apply to ZIP64","1","profile-specific","false","none","@profile-zip64-error-codes","Exact zip-* codes and selected safe-integer/resource policies require explicit ZIP64 compatibility adoption.","workflows/package/zip64.feature; contracts/package-profiles.md"
"xml","workflows/xml/comparison.feature","8","@id-xml-comparison-prefix-and-opc-order","Prefix spelling and OPC relationship order compare equivalent","1","generalized","true","none","","Concrete fixture/recipe or valid Type-bearing comparison operands; exact payload/order/MIME/relationship/refusal and source-custody predicates are reusable, with fresh native production evidence required.","workflows/xml/comparison.feature; contracts/package-alignment.md"
"xml","workflows/xml/comparison.feature","15","@id-xml-comparison-significant-content","XML content change to <variant> compares different","3","generalized","true","none","","Literal XML pairs with exact Boolean outcomes define portable bounded comparison, not C14N.","workflows/xml/comparison.feature; contracts/xml-profiles.md"
"xml","workflows/xml/comparison.feature","28","@id-xml-comparison-prefix-attribute-binding","A prefix-valued attribute retains its namespace binding","1","generalized","true","none","","Literal XML pairs with exact Boolean outcomes define portable bounded comparison, not C14N.","workflows/xml/comparison.feature; contracts/xml-profiles.md"
"xml","workflows/xml/comparison.feature","35","@id-xml-comparison-unsafe-input","Identical <variant> inputs do not compare equivalent","2","generalized","true","none","","Literal XML pairs with exact Boolean outcomes define portable bounded comparison, not C14N.","workflows/xml/comparison.feature; contracts/xml-profiles.md"
"xml","workflows/xml/comparison.feature","47","@id-xml-comparison-processing-instructions-and-comments","XML markup change to <variant> compares different","3","generalized","true","none","","Literal XML pairs with exact Boolean outcomes define portable bounded comparison, not C14N.","workflows/xml/comparison.feature; contracts/xml-profiles.md"
"xml","workflows/xml/editing.feature","9","@id-xml-apply-edits","Apply only disjoint edits that preserve full-document safety","1","generalized","true","none","","Concrete JSON inputs, independent expected UTF-16 coordinates/decoded values or structured refusal/resource/edit recipes; exact source custody and no partial result. All runtimes require fresh production bindings.","workflows/xml/editing.feature; contracts/xml-lexical-alignment.md"
"xml","workflows/xml/editing.feature","30","@id-xml-go-attribute-splice-custody","Update one attribute without reserialising its neighbours","3","profile-specific","false","none","@profile-lexical-snapshot-api","Parsed-snapshot ownership and exact source-splice/escape conventions require the lexical editing API.","workflows/xml/editing.feature; contracts/go-lexical-editing.md"
"xml","workflows/xml/editing.feature","41","@id-xml-go-attribute-batch-refusal","Duplicate edits to one attribute refuse the batch","1","profile-specific","false","none","@profile-lexical-snapshot-api","Parsed-snapshot ownership and exact source-splice/escape conventions require the lexical editing API.","workflows/xml/editing.feature; contracts/go-lexical-editing.md"
"xml","workflows/xml/editing.feature","47","@id-xml-go-child-insertion-custody","Insert a child with independently scoped element and attribute names","1","profile-specific","false","none","@profile-lexical-snapshot-api","Parsed-snapshot ownership and exact source-splice/escape conventions require the lexical editing API.","workflows/xml/editing.feature; contracts/go-lexical-editing.md"
"xml","workflows/xml/editing.feature","54","@id-xml-go-child-insertion-refusal","Overlapping insertion targets refuse and a separate no-op preserves bytes","1","profile-specific","false","none","@profile-lexical-snapshot-api","Parsed-snapshot ownership and exact source-splice/escape conventions require the lexical editing API.","workflows/xml/editing.feature; contracts/go-lexical-editing.md"
"xml","workflows/xml/editing.feature","61","@id-xml-go-child-namespace-matrix","Inserted element and attribute meanings survive a bounded namespace matrix","1","profile-specific","false","none","@profile-lexical-snapshot-api","Parsed-snapshot ownership and exact source-splice/escape conventions require the lexical editing API.","workflows/xml/editing.feature; contracts/go-lexical-editing.md"
"xml","workflows/xml/editing.feature","81","@id-xml-go-element-removal-custody","Remove two disjoint children without rewriting a comment or gap","1","profile-specific","false","none","@profile-lexical-snapshot-api","Parsed-snapshot ownership and exact source-splice/escape conventions require the lexical editing API.","workflows/xml/editing.feature; contracts/go-lexical-editing.md"
"xml","workflows/xml/editing.feature","88","@id-xml-go-element-removal-refusal","A <selection> removal refuses","2","profile-specific","false","none","@profile-lexical-snapshot-api","Parsed-snapshot ownership and exact source-splice/escape conventions require the lexical editing API.","workflows/xml/editing.feature; contracts/go-lexical-editing.md"
"xml","workflows/xml/editing.feature","98","@id-xml-go-element-replacement-custody","Replace one subtree using its surviving parent namespace scope","1","profile-specific","false","none","@profile-lexical-snapshot-api","Parsed-snapshot ownership and exact source-splice/escape conventions require the lexical editing API.","workflows/xml/editing.feature; contracts/go-lexical-editing.md"
"xml","workflows/xml/editing.feature","104","@id-xml-go-element-replacement-refusal","A <selection> subtree replacement refuses without output","3","profile-specific","false","none","@profile-lexical-snapshot-api","Parsed-snapshot ownership and exact source-splice/escape conventions require the lexical editing API.","workflows/xml/editing.feature; contracts/go-lexical-editing.md"
"xml","workflows/xml/editing.feature","116","@id-xml-go-immutable-leaf-seed","A seeded immutable parse and no-op leave the caller bytes and parsed snapshot intact","1","profile-specific","false","none","@profile-lexical-snapshot-api","Parsed-snapshot ownership and exact source-splice/escape conventions require the lexical editing API.","workflows/xml/editing.feature; contracts/go-lexical-editing.md"
"xml","workflows/xml/names.feature","6","@id-xml-invalid-qname-components","Invalid <component> namespace names refuse","3","generalized","true","none","","Concrete JSON inputs, independent expected UTF-16 coordinates/decoded values or structured refusal/resource/edit recipes; exact source custody and no partial result. All runtimes require fresh production bindings.","workflows/xml/names.feature; contracts/xml-lexical-alignment.md"
"xml","workflows/xml/names.feature","17","@id-xml-unicode-qname-components","Unicode prefix and local names remain valid","1","generalized","true","none","","Concrete JSON inputs, independent expected UTF-16 coordinates/decoded values or structured refusal/resource/edit recipes; exact source custody and no partial result. All runtimes require fresh production bindings.","workflows/xml/names.feature; contracts/xml-lexical-alignment.md"
"xml","workflows/xml/names.feature","25","@id-xml-outside-root-nbsp","A non-breaking space <position> the root refuses","2","generalized","true","none","","Concrete JSON inputs, independent expected UTF-16 coordinates/decoded values or structured refusal/resource/edit recipes; exact source custody and no partial result. All runtimes require fresh production bindings.","workflows/xml/names.feature; contracts/xml-lexical-alignment.md"
"xml","workflows/xml/parsing.feature","9","@id-xml-parse-offsets","Parse namespaces, mixed content and preserved offsets","1","generalized","true","none","","Concrete JSON inputs, independent expected UTF-16 coordinates/decoded values or structured refusal/resource/edit recipes; exact source custody and no partial result. All runtimes require fresh production bindings.","workflows/xml/parsing.feature; contracts/xml-lexical-alignment.md"
"xml","workflows/xml/parsing.feature","21","@id-xml-normalise-line-endings","Decode XML line endings without changing source offsets","1","generalized","true","none","","Concrete JSON inputs, independent expected UTF-16 coordinates/decoded values or structured refusal/resource/edit recipes; exact source custody and no partial result. All runtimes require fresh production bindings.","workflows/xml/parsing.feature; contracts/xml-lexical-alignment.md"
"xml","workflows/xml/parsing.feature","30","@id-xml-parse-refusals","Refuse malformed or unsafe XML constructs","1","generalized","true","none","","Concrete JSON inputs, independent expected UTF-16 coordinates/decoded values or structured refusal/resource/edit recipes; exact source custody and no partial result. All runtimes require fresh production bindings.","workflows/xml/parsing.feature; contracts/xml-lexical-alignment.md"
"xml","workflows/xml/parsing.feature","53","@id-xml-parse-bounds","Bound untrusted XML resources","1","generalized","true","none","","Concrete JSON inputs, independent expected UTF-16 coordinates/decoded values or structured refusal/resource/edit recipes; exact source custody and no partial result. All runtimes require fresh production bindings.","workflows/xml/parsing.feature; contracts/xml-lexical-alignment.md"
"xml","workflows/xml/parsing.feature","72","@id-xml-entity-values","Decode predefined entities and decimal and hexadecimal references","1","generalized","true","none","","Literal XML/JSON operands and exact decoded values or roundtrip/refusal outcomes are portable XML contracts.","workflows/xml/parsing.feature; contracts/xml-values.md"
"xml","workflows/xml/parsing.feature","79","@id-xml-stylesheet-processing-instruction","Accept a stylesheet processing instruction before the root","1","generalized","true","none","","Literal XML/JSON operands and exact decoded values or roundtrip/refusal outcomes are portable XML contracts.","workflows/xml/parsing.feature; contracts/xml-values.md"
"xml","workflows/xml/parsing.feature","85","@id-xml-expanded-attribute-lookup","Attribute lookup respects local prefix rebinding and unqualified names","1","generalized","true","none","","Literal XML/JSON operands and exact decoded values or roundtrip/refusal outcomes are portable XML contracts.","workflows/xml/parsing.feature; contracts/xml-values.md"
"xml","workflows/xml/parsing.feature","99","@id-xml-implicit-xml-prefix","The xml prefix is bound without a namespace declaration","1","generalized","true","none","","Literal XML/JSON operands and exact decoded values or roundtrip/refusal outcomes are portable XML contracts.","workflows/xml/parsing.feature; contracts/xml-values.md"
"xml","workflows/xml/parsing.feature","107","@id-xml-prototype-safe-attributes","Special-looking attribute names remain ordinary XML data","1","generalized","true","none","@profile-xml-model-safety","Exact literal attribute set/values and unchanged root/source replace language-specific prototype checks; native guards remain required.","workflows/xml/parsing.feature; contracts/xml-values.md"
"xml","workflows/xml/parsing.feature","115","@id-xml-immutable-namespace-metadata","Returned namespace metadata cannot corrupt the parsed XML model","1","generalized","true","none","@profile-xml-model-safety","Mutating returned namespace metadata cannot affect fresh reads from the same model; read-only or detached native snapshots implement this portable isolation contract.","workflows/xml/parsing.feature; contracts/xml-values.md"
"xml","workflows/xml/parsing.feature","124","@id-xml-escaping-values","Escape <context> content without changing its value","2","profile-specific","false","none","@profile-xml-escaping-api","Exact named entity spelling is a compatibility profile; other XML-valid spellings preserve the same values.","workflows/xml/parsing.feature; contracts/xml-values.md"
"xml","workflows/xml/parsing.feature","134","@id-xml-escaping-invalid-character","Refuse an invalid XML character rather than emit it","1","generalized","true","none","","Literal XML/JSON operands and exact decoded values or roundtrip/refusal outcomes are portable XML contracts.","workflows/xml/parsing.feature; contracts/xml-values.md"
"xml","workflows/xml/parsing.feature","140","@id-xml-escaping-whitespace-roundtrip","Escaped whitespace survives text and attribute parsing","1","generalized","true","none","","Literal XML/JSON operands and exact decoded values or roundtrip/refusal outcomes are portable XML contracts.","workflows/xml/parsing.feature; contracts/xml-values.md"
"xml","workflows/xml/parsing.feature","146","@id-xml-typed-parse-error","Malformed XML returns a documented failure category without a partial document","1","generalized","true","none","@profile-xml-failure-category","Documented native syntax-failure category, no partial result and source custody replace literal exception-class identity.","workflows/xml/parsing.feature; contracts/xml-values.md"
"office","workflows/office/full-coverage.feature","6","@id-parity-inherited","Preserve complete <format> document behaviour","3","incomplete","false","none","","Catalogue-wide completion gate is a meta-obligation, not a concrete document operation or self-contained executable input.","workflows/office/full-coverage.feature; contracts/workflow-receipts.md"
